Date,Daily Load,Temp Low,Temp High
1/1/2007,"6,165.72",,
1/2/2007,"5,904.07",,
1/3/2007,"5,991.24",,
1/4/2007,"6,404.96",,
1/5/2007,"6,751.29",,
1/6/2007,"6,068.44",,
1/7/2007,"5,947.91",,
1/8/2007,"5,948.20",,
1/9/2007,"5,981.96",,
1/10/2007,"6,804.80",,
1/11/2007,"7,179.23",,
1/12/2007,"7,655.59",,
1/13/2007,"7,612.11",,
1/14/2007,"7,362.97",,
1/15/2007,"7,648.52",,
1/16/2007,"7,485.04",,
1/17/2007,"7,194.92",,
1/18/2007,"6,927.99",,
1/19/2007,"6,704.83",,
1/20/2007,"6,320.87",,
1/21/2007,"6,419.91",,
1/22/2007,"6,283.94",,
1/23/2007,"6,008.96",,
1/24/2007,"6,220.62",,
1/25/2007,"6,472.91",,
1/26/2007,"6,396.93",,
1/27/2007,"6,379.68",,
1/28/2007,"6,462.27",,
1/29/2007,"6,871.32",,
1/30/2007,"6,797.84",,
1/31/2007,"6,900.09",,
2/1/2007,"6,774.36",,
2/2/2007,"6,882.63",,
2/3/2007,"6,557.48",,
2/4/2007,"5,813.76",,
2/5/2007,"5,960.34",,
2/6/2007,"5,923.67",,
2/7/2007,"5,930.48",,
2/8/2007,"5,795.54",,
2/9/2007,"5,779.19",,
2/10/2007,"5,672.47",,
2/11/2007,"5,767.07",,
2/12/2007,"5,809.53",,
2/13/2007,"5,885.43",,
2/14/2007,"6,140.21",,
2/15/2007,"5,895.77",,
2/16/2007,"5,576.20",,
2/17/2007,"5,213.48",,
2/18/2007,"5,586.23",,
2/19/2007,"6,103.44",,
2/20/2007,"6,175.01",,
2/21/2007,"6,352.05",,
2/22/2007,"6,319.98",,
2/23/2007,"6,327.27",,
2/24/2007,"6,280.41",,
2/25/2007,"6,387.54",,
2/26/2007,"6,454.76",,
2/27/2007,"6,648.18",,
2/28/2007,"6,841.59",,
3/1/2007,"6,719.94",,
3/2/2007,"6,611.69",,
3/3/2007,"5,682.89",,
3/4/2007,"5,347.05",,
3/5/2007,"5,451.26",,
3/6/2007,"5,416.10",,
3/7/2007,"5,596.55",,
3/8/2007,"5,811.07",,
3/9/2007,"5,677.71",,
3/10/2007,"5,348.66",,
3/11/2007,"4,985.51",,
3/12/2007,"5,316.29",,
3/13/2007,"5,712.19",,
3/14/2007,"5,928.54",,
3/15/2007,"5,974.57",,
3/16/2007,"5,496.86",,
3/17/2007,"5,530.78",,
3/18/2007,"5,015.64",,
3/19/2007,"5,374.90",,
3/20/2007,"5,715.95",,
3/21/2007,"5,953.73",,
3/22/2007,"5,747.24",,
3/23/2007,"5,666.02",,
3/24/2007,"5,401.08",,
3/25/2007,"5,355.66",,
3/26/2007,"6,024.45",,
3/27/2007,"6,123.51",,
3/28/2007,"5,829.52",,
3/29/2007,"5,627.96",,
3/30/2007,"5,429.81",,
3/31/2007,"5,430.94",,
4/1/2007,"6,049.53",,
4/2/2007,"6,264.50",,
4/3/2007,"6,139.11",,
4/4/2007,"5,711.21",,
4/5/2007,"5,421.32",,
4/6/2007,"5,275.03",,
4/7/2007,"5,387.51",,
4/8/2007,"5,264.04",,
4/9/2007,"5,870.86",,
4/10/2007,"5,956.67",,
4/11/2007,"5,983.34",,
4/12/2007,"6,005.65",,
4/13/2007,"5,902.22",,
4/14/2007,"5,824.05",,
4/15/2007,"5,797.38",,
4/16/2007,"5,911.38",,
4/17/2007,"5,956.69",,
4/18/2007,"6,087.38",,
4/19/2007,"5,965.68",,
4/20/2007,"5,879.85",,
4/21/2007,"5,994.64",,
4/22/2007,"5,574.55",,
4/23/2007,"5,570.65",,
4/24/2007,"5,713.09",,
4/25/2007,"5,793.55",,
4/26/2007,"5,816.69",,
4/27/2007,"5,696.75",,
4/28/2007,"5,496.21",,
4/29/2007,"5,416.26",,
4/30/2007,"5,733.33",,
5/1/2007,"5,696.63",,
5/2/2007,"5,677.43",,
5/3/2007,"5,944.26",,
5/4/2007,"5,907.80",,
5/5/2007,"5,661.37",,
5/6/2007,"5,587.66",,
5/7/2007,"5,680.32",,
5/8/2007,"5,580.15",,
5/9/2007,"5,612.57",,
5/10/2007,"5,544.72",,
5/11/2007,"5,670.20",,
5/12/2007,"5,735.53",,
5/13/2007,"5,661.39",,
5/14/2007,"5,843.44",,
5/15/2007,"5,685.77",,
5/16/2007,"5,664.99",,
5/17/2007,"5,669.30",,
5/18/2007,"5,658.32",,
5/19/2007,"5,613.39",,
5/20/2007,"5,787.16",,
5/21/2007,"5,838.79",,
5/22/2007,"5,674.37",,
5/23/2007,"5,643.07",,
5/24/2007,"5,704.10",,
5/25/2007,"5,594.86",,
5/26/2007,"5,651.01",,
5/27/2007,"5,700.84",,
5/28/2007,"5,748.72",,
5/29/2007,"5,762.49",,
5/30/2007,"5,849.35",,
5/31/2007,"5,877.21",,
6/1/2007,"5,908.84",,
6/2/2007,"6,029.15",,
6/3/2007,"6,014.66",,
6/4/2007,"5,876.43",,
6/5/2007,"5,667.12",,
6/6/2007,"5,583.09",,
6/7/2007,"5,581.30",,
6/8/2007,"5,711.64",,
6/9/2007,"5,772.33",,
6/10/2007,"5,678.61",,
6/11/2007,"5,594.48",,
6/12/2007,"5,731.56",,
6/13/2007,"5,651.10",,
6/14/2007,"5,597.47",,
6/15/2007,"5,768.65",,
6/16/2007,"5,705.77",,
6/17/2007,"5,701.77",,
6/18/2007,"5,717.02",,
6/19/2007,"5,834.39",,
6/20/2007,"5,839.43",,
6/21/2007,"5,871.57",,
6/22/2007,"5,739.93",,
6/23/2007,"5,763.94",,
6/24/2007,"5,678.40",,
6/25/2007,"5,783.33",,
6/26/2007,"5,965.60",,
6/27/2007,"5,957.10",,
6/28/2007,"6,031.74",,
6/29/2007,"5,871.90",,
6/30/2007,"5,880.26",,
7/1/2007,"5,827.22",,
7/2/2007,"5,896.17",,
7/3/2007,"6,174.21",,
7/4/2007,"6,045.00",,
7/5/2007,"6,216.75",,
7/6/2007,"6,144.37",,
7/7/2007,"5,972.82",,
7/8/2007,"5,893.59",,
7/9/2007,"6,167.68",,
7/10/2007,"6,340.83",,
7/11/2007,"6,327.51",,
7/12/2007,"6,201.36",,
7/13/2007,"6,179.44",,
7/14/2007,"6,116.87",,
7/15/2007,"6,200.24",,
7/16/2007,"6,129.93",,
7/17/2007,"6,040.58",,
7/18/2007,"5,915.87",,
7/19/2007,"5,782.83",,
7/20/2007,"5,844.30",,
7/21/2007,"5,946.50",,
7/22/2007,"6,029.28",,
7/23/2007,"6,184.49",,
7/24/2007,"6,057.94",,
7/25/2007,"6,224.20",,
7/26/2007,"6,168.31",,
7/27/2007,"6,160.84",,
7/28/2007,"6,001.40",,
7/29/2007,"5,974.34",,
7/30/2007,"6,122.34",,
7/31/2007,"6,147.29",,
8/1/2007,"5,972.51",,
8/2/2007,"5,986.52",,
8/3/2007,"5,914.95",,
8/4/2007,"5,468.09",,
8/5/2007,"5,629.67",,
8/6/2007,"5,797.39",,
8/7/2007,"5,759.73",,
8/8/2007,"5,853.77",,
8/9/2007,"5,887.42",,
8/10/2007,"5,727.40",,
8/11/2007,"5,593.02",,
8/12/2007,"5,610.23",,
8/13/2007,"5,848.34",,
8/14/2007,"6,002.77",,
8/15/2007,"5,988.21",,
8/16/2007,"5,857.34",,
8/17/2007,"5,854.56",,
8/18/2007,"5,439.15",,
8/19/2007,"5,519.67",,
8/20/2007,"5,764.51",,
8/21/2007,"5,717.14",,
8/22/2007,"5,652.06",,
8/23/2007,"5,688.77",,
8/24/2007,"5,797.52",,
8/25/2007,"5,440.24",,
8/26/2007,"5,502.90",,
8/27/2007,"5,619.75",,
8/28/2007,"5,740.12",,
8/29/2007,"5,922.44",,
8/30/2007,"6,091.80",,
8/31/2007,"5,858.50",,
9/1/2007,"5,607.93",,
9/2/2007,"5,476.24",,
9/3/2007,"5,364.12",,
9/4/2007,"5,530.49",,
9/5/2007,"5,578.93",,
9/6/2007,"5,438.18",,
9/7/2007,"5,359.42",,
9/8/2007,"5,263.16",,
9/9/2007,"5,258.76",,
9/10/2007,"5,527.15",,
9/11/2007,"5,607.61",,
9/12/2007,"5,597.31",,
9/13/2007,"5,501.18",,
9/14/2007,"5,447.00",,
9/15/2007,"5,240.43",,
9/16/2007,"5,319.33",,
9/17/2007,"5,433.37",,
9/18/2007,"5,427.04",,
9/19/2007,"5,304.42",,
9/20/2007,"5,407.58",,
9/21/2007,"5,336.38",,
9/22/2007,"5,103.34",,
9/23/2007,"5,136.90",,
9/24/2007,"5,432.85",,
9/25/2007,"5,451.12",,
9/26/2007,"5,356.69",,
9/27/2007,"5,294.71",,
9/28/2007,"5,298.99",,
9/29/2007,"5,248.31",,
9/30/2007,"5,280.46",,
10/1/2007,"5,318.26",,
10/2/2007,"5,461.21",,
10/3/2007,"5,485.47",,
10/4/2007,"5,510.80",,
10/5/2007,"5,540.85",,
10/6/2007,"5,405.19",,
10/7/2007,"5,173.91",,
10/8/2007,"5,526.51",,
10/9/2007,"5,527.88",,
10/10/2007,"5,504.40",,
10/11/2007,"5,592.46",,
10/12/2007,"5,625.31",,
10/13/2007,"5,528.85",,
10/14/2007,"5,455.17",,
10/15/2007,"5,543.67",,
10/16/2007,"5,612.53",,
10/17/2007,"5,714.91",,
10/18/2007,"5,778.93",,
10/19/2007,"5,602.05",,
10/20/2007,"5,596.19",,
10/21/2007,"5,531.65",,
10/22/2007,"5,552.75",,
10/23/2007,"5,307.26",,
10/24/2007,"5,420.92",,
10/25/2007,"5,681.37",,
10/26/2007,"5,872.04",,
10/27/2007,"5,563.65",,
10/28/2007,"5,444.24",,
10/29/2007,"5,710.50",,
10/30/2007,"5,749.35",,
10/31/2007,"6,022.19",,
11/1/2007,"5,756.22",,
11/2/2007,"6,101.56",,
11/3/2007,"5,539.97",,
11/4/2007,"5,347.43",,
11/5/2007,"5,740.90",,
11/6/2007,"5,820.27",,
11/7/2007,"5,751.16",,
11/8/2007,"5,690.79",,
11/9/2007,"5,585.82",,
11/10/2007,"5,521.83",,
11/11/2007,"5,576.98",,
11/12/2007,"5,971.93",,
11/13/2007,"6,066.06",,
11/14/2007,"6,433.69",,
11/15/2007,"5,870.26",,
11/16/2007,"5,763.79",,
11/17/2007,"5,682.10",,
11/18/2007,"6,167.86",,
11/19/2007,"6,453.63",,
11/20/2007,"6,411.42",,
11/21/2007,"6,659.32",,
11/22/2007,"6,569.14",,
11/23/2007,"6,697.08",,
11/24/2007,"6,715.59",,
11/25/2007,"6,675.75",,
11/26/2007,"7,337.90",,
11/27/2007,"6,745.02",,
11/28/2007,"6,986.88",,
11/29/2007,"6,862.39",,
11/30/2007,"7,116.57",,
12/1/2007,"7,221.87",,
12/2/2007,"6,911.32",,
12/3/2007,"5,925.01",,
12/4/2007,"5,666.42",,
12/5/2007,"5,984.59",,
12/6/2007,"6,286.18",,
12/7/2007,"6,522.24",,
12/8/2007,"7,382.60",,
12/9/2007,"7,883.28",,
12/10/2007,"7,838.98",,
12/11/2007,"8,094.39",,
12/12/2007,"7,804.20",,
12/13/2007,"7,846.37",,
12/14/2007,"7,693.75",,
12/15/2007,"7,366.99",,
12/16/2007,"7,479.40",,
12/17/2007,"7,672.71",,
12/18/2007,"7,473.47",,
12/19/2007,"7,442.55",,
12/20/2007,"7,486.59",,
12/21/2007,"7,762.44",,
12/22/2007,"7,503.41",,
12/23/2007,"7,156.28",,
12/24/2007,"7,017.77",,
12/25/2007,"7,383.73",,
12/26/2007,"7,797.13",,
12/27/2007,"8,146.19",,
12/28/2007,"7,648.55",,
12/29/2007,"7,347.80",,
12/30/2007,"7,399.92",,
12/31/2007,"7,605.14",,
1/1/2008,"7,430.99",,
1/2/2008,"7,630.65",,
1/3/2008,"7,275.94",,
1/4/2008,"7,152.12",,
1/5/2008,"7,195.87",,
1/6/2008,"7,426.88",,
1/7/2008,"7,802.62",,
1/8/2008,"7,987.00",,
1/9/2008,"7,787.08",,
1/10/2008,"7,292.25",,
1/11/2008,"6,976.93",,
1/12/2008,"6,891.13",,
1/13/2008,"6,864.70",,
1/14/2008,"7,717.95",,
1/15/2008,"7,813.11",,
1/16/2008,"7,997.14",,
1/17/2008,"7,921.83",,
1/18/2008,"7,723.16",,
1/19/2008,"7,509.52",,
1/20/2008,"7,491.81",,
1/21/2008,"8,356.48",,
1/22/2008,"8,546.36",,
1/23/2008,"8,571.85",,
1/24/2008,"8,602.30",,
1/25/2008,"8,399.59",,
1/26/2008,"8,272.06",,
1/27/2008,"7,915.59",,
1/28/2008,"8,255.54",,
1/29/2008,"8,198.16",,
1/30/2008,"8,059.85",,
1/31/2008,"7,828.66",,
2/1/2008,"7,655.93",,
2/2/2008,"7,701.40",,
2/3/2008,"7,389.48",,
2/4/2008,"7,731.69",,
2/5/2008,"7,693.06",,
2/6/2008,"7,751.39",,
2/7/2008,"7,293.40",,
2/8/2008,"7,222.01",,
2/9/2008,"6,532.99",,
2/10/2008,"6,458.37",,
2/11/2008,"6,804.82",,
2/12/2008,"6,829.24",,
2/13/2008,"7,095.81",,
2/14/2008,"7,216.89",,
2/15/2008,"7,081.40",,
2/16/2008,"6,615.32",,
2/17/2008,"6,720.21",,
2/18/2008,"6,959.60",,
2/19/2008,"6,940.66",,
2/20/2008,"6,701.84",,
2/21/2008,"6,934.16",,
2/22/2008,"6,724.71",,
2/23/2008,"6,501.79",,
2/24/2008,"6,350.94",,
2/25/2008,"6,550.59",,
2/26/2008,"6,674.59",,
2/27/2008,"6,508.10",,
2/28/2008,"6,258.58",,
2/29/2008,"6,328.46",,
3/1/2008,"6,380.69",,
3/2/2008,"6,388.95",,
3/3/2008,"7,094.86",,
3/4/2008,"6,855.44",,
3/5/2008,"6,890.99",,
3/6/2008,"6,763.14",,
3/7/2008,"6,661.62",,
3/8/2008,"6,238.11",,
3/9/2008,"6,238.96",,
3/10/2008,"6,242.59",,
3/11/2008,"6,405.25",,
3/12/2008,"6,488.72",,
3/13/2008,"6,734.50",,
3/14/2008,"6,743.32",,
3/15/2008,"6,651.96",,
3/16/2008,"6,648.11",,
3/17/2008,"6,911.22",,
3/18/2008,"6,613.70",,
3/19/2008,"6,813.30",,
3/20/2008,"6,929.88",,
3/21/2008,"6,888.59",,
3/22/2008,"6,485.93",,
3/23/2008,"6,595.70",,
3/24/2008,"6,760.51",,
3/25/2008,"7,025.61",,
3/26/2008,"7,200.04",,
3/27/2008,"7,188.71",,
3/28/2008,"7,555.32",,
3/29/2008,"7,151.41",,
3/30/2008,"7,105.40",,
3/31/2008,"7,121.04",,
4/1/2008,"6,997.51",,
4/2/2008,"6,720.73",,
4/3/2008,"6,693.30",,
4/4/2008,"6,909.15",,
4/5/2008,"6,763.07",,
4/6/2008,"6,527.36",,
4/7/2008,"6,975.37",,
4/8/2008,"6,977.02",,
4/9/2008,"6,800.74",,
4/10/2008,"6,650.03",,
4/11/2008,"6,447.48",,
4/12/2008,"5,999.38",,
4/13/2008,"5,933.13",,
4/14/2008,"6,608.08",,
4/15/2008,"7,109.64",,
4/16/2008,"6,675.22",,
4/17/2008,"6,437.35",,
4/18/2008,"6,828.17",,
4/19/2008,"7,029.37",,
4/20/2008,"7,006.49",,
4/21/2008,"7,253.69",,
4/22/2008,"7,053.00",,
4/23/2008,"6,964.36",,
4/24/2008,"6,903.99",,
4/25/2008,"6,724.33",,
4/26/2008,"6,276.12",,
4/27/2008,"6,003.45",,
4/28/2008,"6,235.98",,
4/29/2008,"6,506.53",,
4/30/2008,"6,782.35",,
5/1/2008,"6,562.57",,
5/2/2008,"6,355.00",,
5/3/2008,"6,149.02",,
5/4/2008,"5,897.56",,
5/5/2008,"6,175.90",,
5/6/2008,"6,399.81",,
5/7/2008,"6,656.03",,
5/8/2008,"6,699.30",,
5/9/2008,"6,575.51",,
5/10/2008,"6,278.44",,
5/11/2008,"6,216.14",,
5/12/2008,"6,666.36",,
5/13/2008,"6,788.79",,
5/14/2008,"6,511.01",,
5/15/2008,"6,440.77",,
5/16/2008,"6,563.23",,
5/17/2008,"6,394.74",,
5/18/2008,"6,283.59",,
5/19/2008,"6,684.90",,
5/20/2008,"6,593.00",,
5/21/2008,"6,622.05",,
5/22/2008,"6,640.14",,
5/23/2008,"6,724.54",,
5/24/2008,"6,350.53",,
5/25/2008,"6,193.08",,
5/26/2008,"6,231.01",,
5/27/2008,"6,389.80",,
5/28/2008,"6,498.59",,
5/29/2008,"6,690.57",,
5/30/2008,"6,461.22",,
5/31/2008,"6,514.91",,
6/1/2008,"6,524.50",,
6/2/2008,"6,704.77",,
6/3/2008,"6,895.98",,
6/4/2008,"6,471.01",,
6/5/2008,"6,780.60",,
6/6/2008,"6,810.10",,
6/7/2008,"6,722.57",,
6/8/2008,"6,607.07",,
6/9/2008,"6,799.88",,
6/10/2008,"7,005.94",,
6/11/2008,"6,838.27",,
6/12/2008,"6,685.36",,
6/13/2008,"6,608.26",,
6/14/2008,"6,544.97",,
6/15/2008,"6,536.54",,
6/16/2008,"6,685.05",,
6/17/2008,"6,700.65",,
6/18/2008,"6,661.04",,
6/19/2008,"6,789.01",,
6/20/2008,"6,864.07",,
6/21/2008,"6,477.54",,
6/22/2008,"6,277.03",,
6/23/2008,"6,567.34",,
6/24/2008,"6,718.50",,
6/25/2008,"6,697.23",,
6/26/2008,"6,624.77",,
6/27/2008,"6,777.62",,
6/28/2008,"7,103.19",,
6/29/2008,"6,986.23",,
6/30/2008,"7,063.20",,
7/1/2008,"7,092.19",,
7/2/2008,"7,005.00",,
7/3/2008,"6,870.62",,
7/4/2008,"6,635.78",,
7/5/2008,"6,529.30",,
7/6/2008,"6,580.62",,
7/7/2008,"6,680.03",,
7/8/2008,"6,913.46",,
7/9/2008,"7,006.33",,
7/10/2008,"6,743.56",,
7/11/2008,"6,665.62",,
7/12/2008,"6,816.11",,
7/13/2008,"6,704.51",,
7/14/2008,"6,820.79",,
7/15/2008,"6,885.33",,
7/16/2008,"6,662.23",,
7/17/2008,"6,608.05",,
7/18/2008,"6,305.50",,
7/19/2008,"6,396.95",,
7/20/2008,"6,292.51",,
7/21/2008,"6,429.25",,
7/22/2008,"6,207.53",,
7/23/2008,"6,195.51",,
7/24/2008,"6,228.04",,
7/25/2008,"6,228.82",,
7/26/2008,"6,022.91",,
7/27/2008,"6,037.20",,
7/28/2008,"6,272.04",,
7/29/2008,"6,166.77",,
7/30/2008,"6,139.38",,
7/31/2008,"6,184.55",,
8/1/2008,"6,102.67",,
8/2/2008,"5,961.48",,
8/3/2008,"5,915.11",,
8/4/2008,"6,251.54",,
8/5/2008,"6,438.81",,
8/6/2008,"6,374.46",,
8/7/2008,"6,301.74",,
8/8/2008,"6,072.31",,
8/9/2008,"5,802.92",,
8/10/2008,"5,685.09",,
8/11/2008,"6,268.65",,
8/12/2008,"6,265.98",,
8/13/2008,"6,466.95",,
8/14/2008,"6,715.62",,
8/15/2008,"6,715.79",,
8/16/2008,"6,487.65",,
8/17/2008,"6,247.86",,
8/18/2008,"6,218.99",,
8/19/2008,"6,070.23",,
8/20/2008,"6,015.33",,
8/21/2008,"6,001.45",,
8/22/2008,"5,915.76",,
8/23/2008,"5,908.46",,
8/24/2008,"5,844.43",,
8/25/2008,"6,071.52",,
8/26/2008,"6,091.13",,
8/27/2008,"6,038.19",,
8/28/2008,"6,122.00",,
8/29/2008,"6,236.92",,
8/30/2008,"5,677.32",,
8/31/2008,"5,412.96",,
9/1/2008,"5,850.33",,
9/2/2008,"5,873.10",,
9/3/2008,"6,044.94",,
9/4/2008,"6,074.82",,
9/5/2008,"5,984.90",,
9/6/2008,"6,004.69",,
9/7/2008,"5,938.68",,
9/8/2008,"6,017.02",,
9/9/2008,"5,949.06",,
9/10/2008,"5,875.88",,
9/11/2008,"5,881.65",,
9/12/2008,"5,849.17",,
9/13/2008,"5,651.07",,
9/14/2008,"5,757.33",,
9/15/2008,"5,931.58",,
9/16/2008,"5,926.77",,
9/17/2008,"5,805.62",,
9/18/2008,"5,735.33",,
9/19/2008,"5,712.77",,
9/20/2008,"5,724.42",,
9/21/2008,"5,667.59",,
9/22/2008,"5,647.36",,
9/23/2008,"5,732.18",,
9/24/2008,"5,741.04",,
9/25/2008,"5,654.27",,
9/26/2008,"5,554.69",,
9/27/2008,"5,403.25",,
9/28/2008,"5,319.93",,
9/29/2008,"5,599.47",,
9/30/2008,"5,677.32",,
10/1/2008,"5,642.31",,
10/2/2008,"5,628.45",,
10/3/2008,"5,594.80",,
10/4/2008,"5,438.44",,
10/5/2008,"5,473.45",,
10/6/2008,"5,619.45",,
10/7/2008,"5,626.26",,
10/8/2008,"5,839.12",,
10/9/2008,"6,132.01",,
10/10/2008,"6,124.17",,
10/11/2008,"6,081.47",,
10/12/2008,"5,900.64",,
10/13/2008,"5,932.73",,
10/14/2008,"5,859.44",,
10/15/2008,"6,277.30",,
10/16/2008,"5,940.67",,
10/17/2008,"5,574.10",,
10/18/2008,"5,474.59",,
10/19/2008,"5,778.08",,
10/20/2008,"6,114.45",,
10/21/2008,"6,238.80",,
10/22/2008,"6,249.37",,
10/23/2008,"6,097.59",,
10/24/2008,"6,207.79",,
10/25/2008,"5,620.26",,
10/26/2008,"5,753.88",,
10/27/2008,"6,044.52",,
10/28/2008,"6,050.12",,
10/29/2008,"5,959.61",,
10/30/2008,"5,920.98",,
10/31/2008,"5,590.87",,
11/1/2008,"5,427.48",,
11/2/2008,"5,541.90",,
11/3/2008,"6,023.26",,
11/4/2008,"6,313.43",,
11/5/2008,"6,429.26",,
11/6/2008,"6,208.99",,
11/7/2008,"5,677.87",,
11/8/2008,"5,386.25",,
11/9/2008,"5,453.49",,
11/10/2008,"5,847.51",,
11/11/2008,"6,085.93",,
11/12/2008,"5,838.50",,
11/13/2008,"5,773.80",,
11/14/2008,"6,175.09",,
11/15/2008,"5,763.65",,
11/16/2008,"5,750.18",,
11/17/2008,"5,929.36",,
11/18/2008,"5,940.10",,
11/19/2008,"6,101.33",,
11/20/2008,"6,288.13",,
11/21/2008,"6,278.55",,
11/22/2008,"5,955.93",,
11/23/2008,"6,224.94",,
11/24/2008,"6,566.12",,
11/25/2008,"6,564.44",,
11/26/2008,"6,443.30",,
11/27/2008,"6,199.24",,
11/28/2008,"5,926.49",,
11/29/2008,"5,723.16",,
11/30/2008,"5,713.95",,
12/1/2008,"6,099.42",,
12/2/2008,"6,125.63",,
12/3/2008,"6,405.34",,
12/4/2008,"6,714.37",,
12/5/2008,"6,798.56",,
12/6/2008,"6,330.98",,
12/7/2008,"6,313.04",,
12/8/2008,"6,729.07",,
12/9/2008,"6,846.65",,
12/10/2008,"6,744.23",,
12/11/2008,"6,742.33",,
12/12/2008,"7,136.08",,
12/13/2008,"7,335.26",,
12/14/2008,"8,003.39",,
12/15/2008,"9,028.31",,
12/16/2008,"9,153.75",,
12/17/2008,"8,877.13",,
12/18/2008,"8,409.45",,
12/19/2008,"8,542.65",,
12/20/2008,"8,833.27",,
12/21/2008,"8,511.08",,
12/22/2008,"8,283.31",,
12/23/2008,"8,263.65",,
12/24/2008,"7,975.66",,
12/25/2008,"7,460.10",,
12/26/2008,"7,776.82",,
12/27/2008,"7,120.19",,
12/28/2008,"6,854.74",,
12/29/2008,"7,185.33",,
12/30/2008,"7,109.89",,
12/31/2008,"7,031.74",,
1/1/2009,"6,848.59",,
1/2/2009,"7,170.63",,
1/3/2009,"7,387.61",,
1/4/2009,"7,884.28",,
1/5/2009,"7,457.68",,
1/6/2009,"7,133.66",,
1/7/2009,"6,409.69",,
1/8/2009,"6,404.63",,
1/9/2009,"7,015.58",,
1/10/2009,"6,957.74",,
1/11/2009,"6,388.17",,
1/12/2009,"6,502.38",,
1/13/2009,"6,385.25",,
1/14/2009,"7,001.03",,
1/15/2009,"7,260.39",,
1/16/2009,"7,378.57",,
1/17/2009,"7,210.69",,
1/18/2009,"6,991.29",,
1/19/2009,"7,359.67",,
1/20/2009,"7,523.79",,
1/21/2009,"7,779.52",,
1/22/2009,"7,477.62",,
1/23/2009,"7,474.79",,
1/24/2009,"7,344.09",,
1/25/2009,"7,574.44",,
1/26/2009,"7,992.08",,
1/27/2009,"8,021.71",,
1/28/2009,"7,104.05",,
1/29/2009,"7,103.01",,
1/30/2009,"7,089.96",,
1/31/2009,"6,686.35",,
2/1/2009,"6,851.57",,
2/2/2009,"6,726.56",,
2/3/2009,"6,762.84",,
2/4/2009,"6,679.83",,
2/5/2009,"6,784.28",,
2/6/2009,"6,492.60",,
2/7/2009,"6,357.17",,
2/8/2009,"6,761.42",,
2/9/2009,"7,238.25",,
2/10/2009,"7,608.31",,
2/11/2009,"7,019.33",,
2/12/2009,"7,166.00",,
2/13/2009,"7,010.18",,
2/14/2009,"6,611.15",,
2/15/2009,"6,681.21",,
2/16/2009,"6,714.90",,
2/17/2009,"6,509.50",,
2/18/2009,"6,554.04",,
2/19/2009,"6,589.25",,
2/20/2009,"6,483.04",,
2/21/2009,"6,347.55",,
2/22/2009,"6,124.25",,
2/23/2009,"6,381.03",,
2/24/2009,"6,397.35",,
2/25/2009,"6,537.70",,
2/26/2009,"6,984.49",,
2/27/2009,"6,706.10",,
2/28/2009,"6,367.35",,
3/1/2009,"5,986.71",,
3/2/2009,"5,941.05",,
3/3/2009,"6,140.70",,
3/4/2009,"6,311.66",,
3/5/2009,"6,649.85",,
3/6/2009,"6,494.96",,
3/7/2009,"6,520.05",,
3/8/2009,"6,631.07",,
3/9/2009,"7,251.08",,
3/10/2009,"7,187.93",,
3/11/2009,"6,985.77",,
3/12/2009,"6,727.83",,
3/13/2009,"6,426.09",,
3/14/2009,"6,633.65",,
3/15/2009,"6,355.41",,
3/16/2009,"6,605.79",,
3/17/2009,"6,470.69",,
3/18/2009,"6,080.91",,
3/19/2009,"6,038.32",,
3/20/2009,"5,792.19",,
3/21/2009,"5,858.44",,
3/22/2009,"6,119.50",,
3/23/2009,"6,636.65",,
3/24/2009,"6,367.80",,
3/25/2009,"6,240.73",,
3/26/2009,"6,233.06",,
3/27/2009,"6,075.26",,
3/28/2009,"6,117.20",,
3/29/2009,"6,070.20",,
3/30/2009,"6,614.13",,
3/31/2009,"6,487.04",,
4/1/2009,"6,813.46",,
4/2/2009,"6,243.12",,
4/3/2009,"6,459.87",,
4/4/2009,"5,825.81",,
4/5/2009,"5,460.74",,
4/6/2009,"5,491.74",,
4/7/2009,"5,488.30",,
4/8/2009,"5,708.01",,
4/9/2009,"5,743.40",,
4/10/2009,"5,717.75",,
4/11/2009,"5,778.03",,
4/12/2009,"5,713.98",,
4/13/2009,"6,194.12",,
4/14/2009,"6,421.79",,
4/15/2009,"6,221.31",,
4/16/2009,"6,011.33",,
4/17/2009,"5,891.44",,
4/18/2009,"5,711.96",,
4/19/2009,"5,527.58",,
4/20/2009,"5,597.24",,
4/21/2009,"5,675.43",,
4/22/2009,"5,919.68",,
4/23/2009,"6,205.78",,
4/24/2009,"6,178.24",,
4/25/2009,"6,136.38",,
4/26/2009,"5,836.39",,
4/27/2009,"5,986.60",,
4/28/2009,"6,221.81",,
4/29/2009,"6,155.60",,
4/30/2009,"5,899.96",,
5/1/2009,"5,539.82",,
5/2/2009,"5,395.57",,
5/3/2009,"5,399.51",,
5/4/2009,"6,066.76",,
5/5/2009,"5,871.97",,
5/6/2009,"5,779.98",,
5/7/2009,"5,678.57",,
5/8/2009,"5,631.79",,
5/9/2009,"5,525.03",,
5/10/2009,"5,373.43",,
5/11/2009,"5,767.40",,
5/12/2009,"5,970.17",,
5/13/2009,"6,250.00",,
5/14/2009,"5,929.15",,
5/15/2009,"5,776.74",,
5/16/2009,"5,657.27",,
5/17/2009,"5,610.05",,
5/18/2009,"5,890.57",,
5/19/2009,"6,252.24",,
5/20/2009,"6,170.94",,
5/21/2009,"5,850.67",,
5/22/2009,"5,832.30",,
5/23/2009,"5,802.81",,
5/24/2009,"5,694.51",,
5/25/2009,"6,034.27",,
5/26/2009,"6,160.58",,
5/27/2009,"6,116.02",,
5/28/2009,"5,986.56",,
5/29/2009,"6,167.48",,
5/30/2009,"6,254.83",,
5/31/2009,"6,235.53",,
6/1/2009,"6,133.58",,
6/2/2009,"6,026.66",,
6/3/2009,"6,258.35",,
6/4/2009,"6,208.13",,
6/5/2009,"6,064.02",,
6/6/2009,"5,944.42",,
6/7/2009,"5,862.07",,
6/8/2009,"5,956.60",,
6/9/2009,"5,979.48",,
6/10/2009,"5,977.02",,
6/11/2009,"5,945.18",,
6/12/2009,"5,718.59",,
6/13/2009,"5,808.91",,
6/14/2009,"5,642.97",,
6/15/2009,"5,804.97",,
6/16/2009,"5,840.55",,
6/17/2009,"5,890.09",,
6/18/2009,"6,050.34",,
6/19/2009,"5,917.12",,
6/20/2009,"5,924.37",,
6/21/2009,"5,888.10",,
6/22/2009,"6,001.01",,
6/23/2009,"5,901.25",,
6/24/2009,"5,900.59",,
6/25/2009,"5,773.69",,
6/26/2009,"5,771.81",,
6/27/2009,"5,525.64",,
6/28/2009,"5,667.74",,
6/29/2009,"6,194.05",,
6/30/2009,"6,160.66",,
7/1/2009,"5,806.38",,
7/2/2009,"5,867.36",,
7/3/2009,"5,915.08",,
7/4/2009,"5,826.66",,
7/5/2009,"5,862.15",,
7/6/2009,"5,837.22",,
7/7/2009,"5,761.67",,
7/8/2009,"5,758.11",,
7/9/2009,"5,648.74",,
7/10/2009,"5,773.93",,
7/11/2009,"5,633.12",,
7/12/2009,"5,814.58",,
7/13/2009,"5,738.12",,
7/14/2009,"5,879.97",,
7/15/2009,"6,096.58",,
7/16/2009,"6,174.99",,
7/17/2009,"6,168.65",,
7/18/2009,"6,122.86",,
7/19/2009,"5,893.57",,
7/20/2009,"6,166.05",,
7/21/2009,"6,389.42",,
7/22/2009,"6,401.96",,
7/23/2009,"6,086.95",,
7/24/2009,"5,951.70",,
7/25/2009,"5,902.08",,
7/26/2009,"5,983.04",,
7/27/2009,"6,492.95",,
7/28/2009,"6,660.10",,
7/29/2009,"6,618.30",,
7/30/2009,"6,469.02",,
7/31/2009,"6,146.13",,
8/1/2009,"6,313.63",,
8/2/2009,"6,217.10",,
8/3/2009,"6,236.25",,
8/4/2009,"6,129.68",,
8/5/2009,"6,040.79",,
8/6/2009,"5,840.52",,
8/7/2009,"5,847.82",,
8/8/2009,"5,598.13",,
8/9/2009,"5,438.66",,
8/10/2009,"5,843.72",,
8/11/2009,"5,868.04",,
8/12/2009,"5,721.54",,
8/13/2009,"5,688.44",,
8/14/2009,"5,574.03",,
8/15/2009,"5,592.87",,
8/16/2009,"5,224.37",,
8/17/2009,"5,826.83",,
8/18/2009,"6,053.88",,
8/19/2009,"6,201.32",,
8/20/2009,"6,121.91",,
8/21/2009,"5,760.66",,
8/22/2009,"5,340.41",,
8/23/2009,"5,532.67",,
8/24/2009,"5,690.99",,
8/25/2009,"5,726.29",,
8/26/2009,"5,749.04",,
8/27/2009,"5,798.92",,
8/28/2009,"5,700.33",,
8/29/2009,"5,515.59",,
8/30/2009,"5,426.89",,
8/31/2009,"5,702.69",,
9/1/2009,"5,996.31",,
9/2/2009,"5,954.44",,
9/3/2009,"5,798.62",,
9/4/2009,"5,500.68",,
9/5/2009,"5,237.84",,
9/6/2009,"5,140.91",,
9/7/2009,"5,239.30",,
9/8/2009,"5,427.15",,
9/9/2009,"5,529.82",,
9/10/2009,"5,557.79",,
9/11/2009,"5,632.63",,
9/12/2009,"5,333.46",,
9/13/2009,"5,452.00",,
9/14/2009,"5,562.68",,
9/15/2009,"5,552.10",,
9/16/2009,"5,562.85",,
9/17/2009,"5,440.73",,
9/18/2009,"5,398.09",,
9/19/2009,"5,029.76",,
9/20/2009,"5,001.89",,
9/21/2009,"5,358.23",,
9/22/2009,"5,522.53",,
9/23/2009,"5,589.85",,
9/24/2009,"5,510.13",,
9/25/2009,"5,480.58",,
9/26/2009,"5,162.26",,
9/27/2009,"5,275.09",,
9/28/2009,"5,491.83",,
9/29/2009,"5,588.01",,
9/30/2009,"5,836.46",,
10/1/2009,"5,613.24",,
10/2/2009,"5,461.44",,
10/3/2009,"5,404.73",,
10/4/2009,"5,578.24",,
10/5/2009,"5,566.88",,
10/6/2009,"5,651.33",,
10/7/2009,"5,572.59",,
10/8/2009,"5,637.94",,
10/9/2009,"5,550.44",,
10/10/2009,"5,410.69",,
10/11/2009,"5,820.92",,
10/12/2009,"6,043.38",,
10/13/2009,"6,046.34",,
10/14/2009,"5,762.64",,
10/15/2009,"5,461.33",,
10/16/2009,"5,252.17",,
10/17/2009,"4,950.13",,
10/18/2009,"5,022.12",,
10/19/2009,"5,401.02",,
10/20/2009,"5,582.67",,
10/21/2009,"5,588.59",,
10/22/2009,"5,504.06",,
10/23/2009,"5,529.14",,
10/24/2009,"5,262.57",,
10/25/2009,"5,619.06",,
10/26/2009,"5,835.18",,
10/27/2009,"5,984.81",,
10/28/2009,"6,196.56",,
10/29/2009,"6,250.06",,
10/30/2009,"5,408.66",,
10/31/2009,"5,072.92",,
11/1/2009,"5,340.98",,
11/2/2009,"6,225.63",,
11/3/2009,"6,004.21",,
11/4/2009,"5,889.31",,
11/5/2009,"5,768.88",,
11/6/2009,"5,741.47",,
11/7/2009,"5,719.80",,
11/8/2009,"5,755.02",,
11/9/2009,"6,103.77",,
11/10/2009,"5,985.86",,
11/11/2009,"6,160.36",,
11/12/2009,"6,306.72",,
11/13/2009,"6,521.27",,
11/14/2009,"6,311.97",,
11/15/2009,"6,085.70",,
11/16/2009,"6,014.37",,
11/17/2009,"6,177.38",,
11/18/2009,"6,382.64",,
11/19/2009,"6,118.40",,
11/20/2009,"6,123.35",,
11/21/2009,"6,198.48",,
11/22/2009,"6,169.79",,
11/23/2009,"6,277.96",,
11/24/2009,"6,091.62",,
11/25/2009,"6,167.23",,
11/26/2009,"5,843.41",,
11/27/2009,"5,883.20",,
11/28/2009,"6,136.97",,
11/29/2009,"6,040.56",,
11/30/2009,"6,565.79",,
12/1/2009,"6,640.14",,
12/2/2009,"7,096.35",,
12/3/2009,"7,399.66",,
12/4/2009,"7,377.32",,
12/5/2009,"7,136.98",,
12/6/2009,"7,556.35",,
12/7/2009,"8,600.92",,
12/8/2009,"9,011.95",,
12/9/2009,"9,075.31",,
12/10/2009,"9,010.55",,
12/11/2009,"8,622.34",,
12/12/2009,"7,867.57",,
12/13/2009,"7,671.21",,
12/14/2009,"7,679.60",,
12/15/2009,"7,336.16",,
12/16/2009,"6,807.04",,
12/17/2009,"6,570.87",,
12/18/2009,"6,340.88",,
12/19/2009,"6,083.70",,
12/20/2009,"5,996.40",,
12/21/2009,"6,509.31",,
12/22/2009,"6,996.14",,
12/23/2009,"7,238.21",,
12/24/2009,"7,245.02",,
12/25/2009,"7,119.36",,
12/26/2009,"7,205.90",,
12/27/2009,"7,304.97",,
12/28/2009,"7,334.15",,
12/29/2009,"7,699.43",,
12/30/2009,"7,275.13",,
12/31/2009,"7,244.86",,
1/1/2010,"6,253.39",,
1/2/2010,"6,022.04",,
1/3/2010,"6,202.81",,
1/4/2010,"6,654.38",,
1/5/2010,"6,405.08",,
1/6/2010,"6,570.78",,
1/7/2010,"7,059.41",,
1/8/2010,"6,905.26",,
1/9/2010,"6,307.37",,
1/10/2010,"6,315.43",,
1/11/2010,"6,551.83",,
1/12/2010,"6,364.23",,
1/13/2010,"6,325.06",,
1/14/2010,"6,307.16",,
1/15/2010,"6,308.21",,
1/16/2010,"6,038.49",,
1/17/2010,"6,055.17",,
1/18/2010,"6,180.25",,
1/19/2010,"6,132.65",,
1/20/2010,"6,261.94",,
1/21/2010,"6,187.50",,
1/22/2010,"6,484.03",,
1/23/2010,"6,167.30",,
1/24/2010,"6,635.54",,
1/25/2010,"6,543.44",,
1/26/2010,"6,603.58",,
1/27/2010,"6,547.50",,
1/28/2010,"6,409.39",,
1/29/2010,"6,233.39",,
1/30/2010,"6,062.18",,
1/31/2010,"5,948.69",,
2/1/2010,"6,559.19",,
2/2/2010,"6,316.14",,
2/3/2010,"6,404.70",,
2/4/2010,"6,215.38",,
2/5/2010,"5,942.54",,
2/6/2010,"5,824.83",,
2/7/2010,"5,772.34",,
2/8/2010,"6,207.99",,
2/9/2010,"6,377.18",,
2/10/2010,"6,698.38",,
2/11/2010,"6,239.70",,
2/12/2010,"6,124.51",,
2/13/2010,"5,730.25",,
2/14/2010,"5,615.69",,
2/15/2010,"5,999.08",,
2/16/2010,"5,926.34",,
2/17/2010,"6,139.49",,
2/18/2010,"6,081.84",,
2/19/2010,"6,073.24",,
2/20/2010,"5,982.77",,
2/21/2010,"6,142.52",,
2/22/2010,"6,514.32",,
2/23/2010,"6,639.31",,
2/24/2010,"6,304.43",,
2/25/2010,"5,878.12",,
2/26/2010,"5,979.33",,
2/27/2010,"5,520.80",,
2/28/2010,"5,503.59",,
3/1/2010,"5,828.63",,
3/2/2010,"5,712.09",,
3/3/2010,"5,915.00",,
3/4/2010,"5,845.51",,
3/5/2010,"5,831.09",,
3/6/2010,"5,489.02",,
3/7/2010,"5,848.52",,
3/8/2010,"6,462.02",,
3/9/2010,"6,847.40",,
3/10/2010,"6,470.34",,
3/11/2010,"6,522.04",,
3/12/2010,"6,238.23",,
3/13/2010,"6,065.93",,
3/14/2010,"6,111.46",,
3/15/2010,"5,780.37",,
3/16/2010,"5,802.57",,
3/17/2010,"5,886.32",,
3/18/2010,"6,083.40",,
3/19/2010,"5,838.82",,
3/20/2010,"5,615.27",,
3/21/2010,"5,582.45",,
3/22/2010,"5,771.89",,
3/23/2010,"5,833.46",,
3/24/2010,"5,696.40",,
3/25/2010,"5,920.09",,
3/26/2010,"5,880.47",,
3/27/2010,"5,466.78",,
3/28/2010,"5,485.12",,
3/29/2010,"6,156.08",,
3/30/2010,"6,443.44",,
3/31/2010,"6,297.72",,
4/1/2010,"6,281.28",,
4/2/2010,"6,611.43",,
4/3/2010,"6,275.10",,
4/4/2010,"6,225.17",,
4/5/2010,"6,461.26",,
4/6/2010,"6,441.76",,
4/7/2010,"6,151.64",,
4/8/2010,"6,412.94",,
4/9/2010,"6,429.01",,
4/10/2010,"6,133.37",,
4/11/2010,"5,540.27",,
4/12/2010,"5,798.25",,
4/13/2010,"6,016.47",,
4/14/2010,"6,077.53",,
4/15/2010,"5,639.36",,
4/16/2010,"5,595.72",,
4/17/2010,"5,387.62",,
4/18/2010,"5,278.62",,
4/19/2010,"5,389.98",,
4/20/2010,"5,706.46",,
4/21/2010,"5,904.25",,
4/22/2010,"5,736.73",,
4/23/2010,"5,875.72",,
4/24/2010,"5,844.50",,
4/25/2010,"5,530.51",,
4/26/2010,"5,852.15",,
4/27/2010,"6,046.98",,
4/28/2010,"6,322.28",,
4/29/2010,"6,218.50",,
4/30/2010,"6,181.99",,
5/1/2010,"5,594.08",,
5/2/2010,"5,898.42",,
5/3/2010,"6,139.72",,
5/4/2010,"6,390.51",,
5/5/2010,"6,295.96",,
5/6/2010,"6,098.69",,
5/7/2010,"5,794.47",,
5/8/2010,"5,421.84",,
5/9/2010,"5,279.97",,
5/10/2010,"5,840.11",,
5/11/2010,"5,897.58",,
5/12/2010,"5,697.94",,
5/13/2010,"5,688.48",,
5/14/2010,"5,664.58",,
5/15/2010,"5,406.10",,
5/16/2010,"5,445.82",,
5/17/2010,"5,669.79",,
5/18/2010,"5,772.16",,
5/19/2010,"5,745.45",,
5/20/2010,"5,984.60",,
5/21/2010,"5,954.48",,
5/22/2010,"5,742.42",,
5/23/2010,"5,815.18",,
5/24/2010,"5,782.66",,
5/25/2010,"5,802.31",,
5/26/2010,"5,694.86",,
5/27/2010,"5,694.22",,
5/28/2010,"5,701.38",,
5/29/2010,"5,435.73",,
5/30/2010,"5,341.63",,
5/31/2010,"5,401.18",,
6/1/2010,"5,490.59",,
6/2/2010,"5,598.69",,
6/3/2010,"5,508.89",,
6/4/2010,"5,462.06",,
6/5/2010,"5,102.70",,
6/6/2010,"5,134.13",,
6/7/2010,"5,433.38",,
6/8/2010,"5,589.01",,
6/9/2010,"5,604.18",,
6/10/2010,"5,622.32",,
6/11/2010,"5,542.83",,
6/12/2010,"5,383.62",,
6/13/2010,"5,459.49",,
6/14/2010,"5,797.72",,
6/15/2010,"5,924.25",,
6/16/2010,"6,083.05",,
6/17/2010,"5,876.50",,
6/18/2010,"5,754.72",,
6/19/2010,"5,526.98",,
6/20/2010,"5,668.16",,
6/21/2010,"5,793.58",,
6/22/2010,"5,845.27",,
6/23/2010,"5,938.68",,
6/24/2010,"5,882.97",,
6/25/2010,"5,840.94",,
6/26/2010,"5,752.76",,
6/27/2010,"5,740.38",,
6/28/2010,"6,101.69",,
6/29/2010,"6,031.46",,
6/30/2010,"5,897.27",,
7/1/2010,"5,817.86",,
7/2/2010,"5,867.92",,
7/3/2010,"5,493.58",,
7/4/2010,"5,358.99",,
7/5/2010,"5,510.57",,
7/6/2010,"6,023.21",,
7/7/2010,"6,314.05",,
7/8/2010,"6,365.32",,
7/9/2010,"6,335.24",,
7/10/2010,"5,958.60",,
7/11/2010,"6,013.00",,
7/12/2010,"5,982.16",,
7/13/2010,"5,823.99",,
7/14/2010,"6,010.93",,
7/15/2010,"6,057.23",,
7/16/2010,"6,093.42",,
7/17/2010,"5,800.54",,
7/18/2010,"5,747.86",,
7/19/2010,"5,960.21",,
7/20/2010,"5,966.89",,
7/21/2010,"6,066.20",,
7/22/2010,"6,129.46",,
7/23/2010,"6,051.28",,
7/24/2010,"5,901.64",,
7/25/2010,"6,050.71",,
7/26/2010,"6,147.68",,
7/27/2010,"6,047.90",,
7/28/2010,"5,950.73",,
7/29/2010,"6,081.50",,
7/30/2010,"5,880.22",,
7/31/2010,"5,537.73",,
8/1/2010,"5,528.31",,
8/2/2010,"5,803.49",,
8/3/2010,"5,914.75",,
8/4/2010,"5,950.98",,
8/5/2010,"5,968.56",,
8/6/2010,"5,823.19",,
8/7/2010,"5,523.98",,
8/8/2010,"5,615.47",,
8/9/2010,"5,732.93",,
8/10/2010,"5,764.77",,
8/11/2010,"5,610.13",,
8/12/2010,"5,742.12",,
8/13/2010,"5,837.72",,
8/14/2010,"5,906.40",,
8/15/2010,"5,840.35",,
8/16/2010,"6,242.01",,
8/17/2010,"6,296.00",,
8/18/2010,"5,993.98",,
8/19/2010,"5,960.93",,
8/20/2010,"5,870.76",,
8/21/2010,"5,552.55",,
8/22/2010,"5,549.91",,
8/23/2010,"5,706.41",,
8/24/2010,"5,920.41",,
8/25/2010,"6,065.99",,
8/26/2010,"5,764.83",,
8/27/2010,"5,498.83",,
8/28/2010,"5,331.30",,
8/29/2010,"5,313.88",,
8/30/2010,"5,487.03",,
8/31/2010,"5,695.74",,
9/1/2010,"5,747.54",,
9/2/2010,"5,590.08",,
9/3/2010,"5,663.60",,
9/4/2010,"5,505.39",,
9/5/2010,"5,316.31",,
9/6/2010,"5,490.16",,
9/7/2010,"5,529.65",,
9/8/2010,"5,515.54",,
9/9/2010,"5,491.50",,
9/10/2010,"5,382.88",,
9/11/2010,"5,120.45",,
9/12/2010,"5,151.00",,
9/13/2010,"5,392.59",,
9/14/2010,"5,433.86",,
9/15/2010,"5,416.72",,
9/16/2010,"5,378.14",,
9/17/2010,"5,331.23",64.333,68
9/18/2010,"5,156.90",61.5,65
9/19/2010,"4,968.58",61.5,67.5
9/20/2010,"5,260.15",58.75,64
9/21/2010,"5,307.52",55.75,63.5
9/22/2010,"5,380.45",55.25,64
9/23/2010,"5,391.64",54.75,59.25
9/24/2010,"5,271.34",56,66.75
9/25/2010,"5,092.93",58,70.75
9/26/2010,"5,112.97",62.75,66
9/27/2010,"5,541.20",67.5,76.25
9/28/2010,"5,548.30",65.25,73
9/29/2010,"5,434.07",60,69
9/30/2010,"5,374.16",59.75,73.5
10/1/2010,"5,233.00",60.5,65.5
10/2/2010,"4,954.19",60.5,66.5
10/3/2010,"5,051.31",56.75,61.75
10/4/2010,"5,406.76",51.5,58.75
10/5/2010,"5,513.77",51,62.25
10/6/2010,"5,488.45",54.25,68.5
10/7/2010,"5,393.27",58.75,62.75
10/8/2010,"5,266.01",59.5,64.5
10/9/2010,"5,112.77",59,62.25
10/10/2010,"5,120.02",56.5,64
10/11/2010,"5,536.41",47,57
10/12/2010,"5,561.64",47.25,58.5
10/13/2010,"5,592.83",49.5,62.25
10/14/2010,"5,571.45",49.25,61
10/15/2010,"5,540.00",45.75,55.5
10/16/2010,"5,447.34",47,56.25
10/17/2010,"5,567.77",43.5,55.25
10/18/2010,"5,891.57",44.75,56.5
10/19/2010,"5,797.98",47.25,61.75
10/20/2010,"5,615.85",49.5,62.5
10/21/2010,"5,534.20",49,56.75
10/22/2010,"5,307.42",55,59.5
10/23/2010,"5,207.21",52.5,56.5
10/24/2010,"5,445.34",50.25,54
10/25/2010,"5,953.11",47,51.75
10/26/2010,"6,004.15",46.5,49.25
10/27/2010,"5,705.35",47.75,53.75
10/28/2010,"5,673.18",50.75,53.5
10/29/2010,"5,401.44",49.75,55.5
10/30/2010,"5,521.58",47.25,51
10/31/2010,"5,237.01",48.75,55
11/1/2010,"5,609.55",55.5,61.25
11/2/2010,"5,402.18",53.5,59.5
11/3/2010,"5,482.74",59.75,65.25
11/4/2010,"5,395.77",51.25,60.75
11/5/2010,"5,415.85",49.5,57
11/6/2010,"5,294.82",53,56.25
11/7/2010,"5,383.63",49.5,55.5
11/8/2010,"6,033.66",43.75,48.25
11/9/2010,"6,419.03",43,44.75
11/10/2010,"6,132.44",42.5,47.25
11/11/2010,"6,245.20",40,46.5
11/12/2010,"5,996.61",41.25,49
11/13/2010,"5,957.29",43.75,45.25
11/14/2010,"5,684.32",49.5,52.5
11/15/2010,"5,910.80",53.5,56.25
11/16/2010,"5,973.14",49.5,54.25
11/17/2010,"6,236.93",46.5,49.75
11/18/2010,"6,557.96",39.75,45
11/19/2010,"6,543.62",40,44
11/20/2010,"6,487.79",39.25,44.5
11/21/2010,"7,163.12",34.75,37.75
11/22/2010,"7,875.18",34,39.75
11/23/2010,"8,412.34",23.75,28.75
11/24/2010,"8,642.86",22.25,27.5
11/25/2010,"7,532.17",32.75,36.25
11/26/2010,"6,945.16",35,38
11/27/2010,"6,860.13",37.5,41.75
11/28/2010,"6,941.58",37.5,42.75
11/29/2010,"7,458.38",37,41
11/30/2010,"7,363.94",37.5,41.25
12/1/2010,"6,803.10",40.5,43
12/2/2010,"6,974.39",40.5,43.25
12/3/2010,"7,104.02",39.75,43.25
12/4/2010,"7,149.71",40.25,43
12/5/2010,"6,982.77",41.5,44.25
12/6/2010,"7,081.87",40.25,43.5
12/7/2010,"6,851.76",39.75,43.75
12/8/2010,"6,623.12",41,46.75
12/9/2010,"6,623.74",46.5,51.25
12/10/2010,"6,560.89",42.5,46.25
12/11/2010,"6,722.05",40.75,43.5
12/12/2010,"5,940.89",54,60
12/13/2010,"6,079.25",53.5,57.5
12/14/2010,"6,837.37",43.5,48.5
12/15/2010,"7,201.48",41.75,44.75
12/16/2010,"7,132.69",39.25,43.25
12/17/2010,"7,180.63",37.25,42.5
12/18/2010,"7,061.97",37,41
12/19/2010,"7,128.25",36,40
12/20/2010,"7,354.69",35.75,38
12/21/2010,"7,006.72",39,41.25
12/22/2010,"6,890.58",39,42.5
12/23/2010,"6,761.13",40.25,42.5
12/24/2010,"6,385.30",41,42.75
12/25/2010,"6,034.68",42.25,45.25
12/26/2010,"6,440.35",39.75,43.25
12/27/2010,"6,829.38",42,45.25
12/28/2010,"6,619.47",44.5,47.5
12/29/2010,"7,313.74",35.5,40.5
12/30/2010,"7,576.30",28.5,32.75
12/31/2010,"7,984.63",27.25,33
1/1/2011,"7,778.41",30,33
1/2/2011,"7,766.76",27.75,32.75
1/3/2011,"8,195.87",27.5,33.75
1/4/2011,"8,179.93",28.5,32.5
1/5/2011,"7,557.81",33.75,36.75
1/6/2011,"7,014.35",39.25,43.25
1/7/2011,"6,873.21",40.5,45
1/8/2011,"6,968.05",32.75,39.25
1/9/2011,"7,332.95",36,39.5
1/10/2011,"7,826.55",34.5,38.25
1/11/2011,"8,253.85",31.75,34
1/12/2011,"7,572.54",37.75,44
1/13/2011,"6,544.21",48.75,55
1/14/2011,"6,033.00",53.25,56.25
1/15/2011,"5,881.66",50.75,55.25
1/16/2011,"5,809.67",55.75,57.5
1/17/2011,"6,450.17",49.25,54
1/18/2011,"7,050.98",42,44.5
1/19/2011,"7,229.70",36.25,41
1/20/2011,"7,325.89",35.75,39.25
1/21/2011,"6,816.15",41.75,44.25
1/22/2011,"6,251.98",40.5,47.75
1/23/2011,"6,503.53",39.25,42.75
1/24/2011,"6,664.02",42.25,47.5
1/25/2011,"6,541.54",42.5,50.5
1/26/2011,"6,590.54",37,45.5
1/27/2011,"6,571.59",38.5,47.75
1/28/2011,"6,456.96",43.75,50
1/29/2011,"6,046.34",47,52.25
1/30/2011,"6,403.44",40,45.5
1/31/2011,"6,985.17",39.5,42
2/1/2011,"7,340.41",35.25,39.5
2/2/2011,"7,470.89",32.75,39.5
2/3/2011,"6,970.51",37.25,43.75
2/4/2011,"6,487.99",41.5,48.25
2/5/2011,"6,054.68",44.75,48
2/6/2011,"6,153.99",46.75,51.25
2/7/2011,"6,718.03",43.75,48.25
2/8/2011,"6,909.87",39.75,46.25
2/9/2011,"7,326.45",32.75,41
2/10/2011,"7,166.90",32,39.5
2/11/2011,"6,835.42",37.75,44.75
2/12/2011,"6,568.29",43,50.75
2/13/2011,"6,485.58",42,47.75
2/14/2011,"6,644.35",43.75,50.75
2/15/2011,"7,085.98",40.5,43.75
2/16/2011,"7,181.23",34.75,40.75
2/17/2011,"7,145.71",37,43.25
2/18/2011,"7,126.75",36,40.75
2/19/2011,"7,030.95",35.75,44
2/20/2011,"7,082.31",34,41.25
2/21/2011,"7,085.49",38.5,43.5
2/22/2011,"7,380.46",36.25,43
2/23/2011,"7,668.32",35.25,39.75
2/24/2011,"8,022.96",31.667,36
2/25/2011,"8,182.05",26.5,31.75
2/26/2011,"8,365.12",24,29.25
2/27/2011,"7,558.54",38.25,42.25
2/28/2011,"7,616.16",38.333,41.667
3/1/2011,"7,336.33",35.25,40
3/2/2011,"6,948.75",40.25,47.75
3/3/2011,"6,890.29",39.5,45.75
3/4/2011,"6,967.58",38,44.75
3/5/2011,"6,268.76",41.75,49
3/6/2011,"6,481.31",38.25,44.5
3/7/2011,"6,776.77",36.25,44.25
3/8/2011,"6,749.80",42.25,50.5
3/9/2011,"6,364.58",49,55.25
3/10/2011,"6,278.13",46,51.75
3/11/2011,"6,162.65",42.5,51
3/12/2011,"6,147.35",42.5,48.75
3/13/2011,"6,171.26",45.5,48.5
3/14/2011,"6,336.16",46.5,52.75
3/15/2011,"6,470.18",45.5,49.5
3/16/2011,"6,661.56",41.5,44
3/17/2011,"6,551.68",40,46
3/18/2011,"6,607.07",42.25,46
3/19/2011,"6,410.02",38.5,47.75
3/20/2011,"6,564.10",41,47.5
3/21/2011,"6,508.41",44.5,49.75
3/22/2011,"6,588.32",41,48.75
3/23/2011,"6,511.32",38.25,50.25
3/24/2011,"6,321.39",41.25,48.75
3/25/2011,"6,368.41",41,46.75
3/26/2011,"6,183.12",43.75,49
3/27/2011,"6,463.59",42.75,47.25
3/28/2011,"6,405.92",44.75,50.5
3/29/2011,"6,459.50",48.25,50.25
3/30/2011,"6,213.43",53.5,56.5
3/31/2011,"5,905.28",53,58.75
4/1/2011,"5,979.62",47.75,59.25
4/2/2011,"6,144.26",43,49.75
4/3/2011,"6,195.15",43,48.75
4/4/2011,"6,670.11",46,49.25
4/5/2011,"6,690.43",44.25,50.5
4/6/2011,"7,012.66",41.5,45.75
4/7/2011,"6,946.03",39.5,46.25
4/8/2011,"6,605.08",38.5,52
4/9/2011,"6,231.73",46,52.75
4/10/2011,"6,175.50",47.25,53.5
4/11/2011,"6,467.28",44,50.5
4/12/2011,"6,620.81",41.25,50
4/13/2011,"6,678.73",44.25,50
4/14/2011,"6,845.82",44.25,48
4/15/2011,"6,656.15",44.75,47
4/16/2011,"6,037.79",49.25,53.5
4/17/2011,"6,221.85",39.25,49.5
4/18/2011,"6,615.84",39.75,49.5
4/19/2011,"6,645.57",41.75,51.75
4/20/2011,"6,637.23",43.5,52.75
4/21/2011,"6,606.21",41.5,48.75
4/22/2011,"6,359.76",40.75,54
4/23/2011,"5,865.64",46.5,62.25
4/24/2011,"5,746.47",48,53.25
4/25/2011,"6,430.20",47.75,53.25
4/26/2011,"6,442.49",46.5,53.25
4/27/2011,"6,407.98",45.75,53
4/28/2011,"6,695.97",41.75,47.75
4/29/2011,"6,447.18",43.25,50.75
4/30/2011,"5,901.02",44,53
5/1/2011,"5,820.18",45.5,58
5/2/2011,"6,193.94",50.25,57.5
5/3/2011,"6,191.01",47.5,55.25
5/4/2011,"6,027.30",47.75,60.25
5/5/2011,"6,077.91",50.25,57.5
5/6/2011,"6,099.04",49.75,53.25
5/7/2011,"5,899.61",49.5,55
5/8/2011,"5,782.56",47,54.25
5/9/2011,"6,053.66",51.25,56.25
5/10/2011,"6,014.82",51,58.5
5/11/2011,"6,196.50",49.75,55
5/12/2011,"6,078.88",45.25,55.75
5/13/2011,"5,891.03",51,63.5
5/14/2011,"5,504.86",54,60.25
5/15/2011,"5,710.33",50.5,55.25
5/16/2011,"5,950.40",49.25,57
5/17/2011,"5,918.58",47.25,57.5
5/18/2011,"5,695.24",52.25,63.75
5/19/2011,"5,561.29",50.5,65.25
5/20/2011,"5,617.85",51.75,66.25
5/21/2011,"5,484.09",53,59.75
5/22/2011,"5,559.48",52.25,56.5
5/23/2011,"5,853.16",51.75,56.75
5/24/2011,"5,850.30",50.5,61.25
5/25/2011,"5,997.09",51.75,57.25
5/26/2011,"5,973.85",47,54
5/27/2011,"5,857.75",48.5,55.25
5/28/2011,"5,589.69",47.75,56.25
5/29/2011,"5,534.65",48.75,54
5/30/2011,"5,539.39",52,59.25
5/31/2011,"5,866.24",52.25,57.75
6/1/2011,"5,902.87",52.333,58.667
6/2/2011,"5,936.80",50,58
6/3/2011,"5,709.13",54.25,67.25
6/4/2011,"5,414.23",61.75,77.75
6/5/2011,"5,436.36",63.25,73.75
6/6/2011,"5,777.89",57.25,66.75
6/7/2011,"5,898.79",56,62
6/8/2011,"5,871.50",56,60.25
6/9/2011,"5,652.56",56,67
6/10/2011,"5,628.24",56.25,61.5
6/11/2011,"5,413.46",57,63.75
6/12/2011,"5,404.01",54.75,63.25
6/13/2011,"5,853.69",57.5,65.5
6/14/2011,"6,040.57",56.25,62.5
6/15/2011,"5,930.09",53,60.75
6/16/2011,"5,999.52",51,62
6/17/2011,"5,908.00",55,67.5
6/18/2011,"5,736.08",56.5,60.25
6/19/2011,"5,655.60",56.75,63
6/20/2011,"6,032.98",60.5,67
6/21/2011,"6,187.30",61,73.5
6/22/2011,"6,119.15",59.75,68
6/23/2011,"6,019.37",57.5,63
6/24/2011,"5,894.55",58.667,65.333
6/25/2011,"5,731.70",55.75,66
6/26/2011,"5,666.48",58.5,68.75
6/27/2011,"6,035.02",63.5,72
6/28/2011,"6,119.64",62.25,68
6/29/2011,"6,093.75",60.75,66
6/30/2011,"5,994.04",56.333,62.667
7/1/2011,"6,059.13",58,69.5
7/2/2011,"5,911.45",61.5,76.25
7/3/2011,"5,731.12",60.25,69
7/4/2011,"5,686.98",59.75,73
7/5/2011,"6,013.26",62.75,76.5
7/6/2011,"6,350.56",66,79.5
7/7/2011,"6,353.15",60,67
7/8/2011,"6,168.62",58.75,66
7/9/2011,"5,961.35",57.75,70.25
7/10/2011,"5,872.82",61,72
7/11/2011,"6,183.06",59.75,69.5
7/12/2011,"6,246.56",59.25,65.75
7/13/2011,"6,065.83",59.75,66.75
7/14/2011,"6,122.80",60,66.75
7/15/2011,"6,134.37",62.75,72.25
7/16/2011,"5,855.09",61.75,68.75
7/17/2011,"5,863.74",60,64.5
7/18/2011,"6,164.92",61.25,68.75
7/19/2011,"6,190.50",60.75,66.25
7/20/2011,"6,043.83",61,69.75
7/21/2011,"6,053.77",60.5,67.25
7/22/2011,"6,045.52",56.25,68.25
7/23/2011,"5,906.14",62,75
7/24/2011,"5,983.68",64.75,79
7/25/2011,"6,221.12",62.25,70.75
7/26/2011,"6,128.71",60.25,69.25
7/27/2011,"6,059.84",61.667,70.667
7/28/2011,"6,117.30",61.75,74.25
7/29/2011,"6,110.57",63,74
7/30/2011,"6,043.97",62.5,75.75
7/31/2011,"6,022.99",60,71.667
8/1/2011,"6,122.07",62,74.25
8/2/2011,"6,079.56",63,74.75
8/3/2011,"6,142.28",64.25,75.75
8/4/2011,"6,003.19",64.5,77.5
8/5/2011,"5,941.99",63,70.75
8/6/2011,"5,665.35",62.5,69.25
8/7/2011,"5,657.82",61.5,71
8/8/2011,"5,963.82",60.25,67.75
8/9/2011,"5,991.10",60.75,66
8/10/2011,"5,898.85",61.5,70.5
8/11/2011,"5,882.12",61.25,71.75
8/12/2011,"5,878.38",60.75,73.25
8/13/2011,"5,530.31",61,67.5
8/14/2011,"5,498.37",62.25,69.5
8/15/2011,"5,848.73",63.5,72
8/16/2011,"5,919.04",62.25,75.25
8/17/2011,"5,941.15",61.5,76
8/18/2011,"5,850.32",60.5,70.75
8/19/2011,"5,832.21",62,73.75
8/20/2011,"5,714.92",67.5,84
8/21/2011,"5,760.75",66.75,83.25
8/22/2011,"6,155.79",64.75,75
8/23/2011,"6,271.36",68.25,76.75
8/24/2011,"6,311.72",69.25,81.5
8/25/2011,"6,244.59",70,81.75
8/26/2011,"6,173.81",67.25,79.5
8/27/2011,"5,869.10",66.5,79.75
8/28/2011,"5,537.54",62.75,75.25
8/29/2011,"5,976.23",61.25,68
8/30/2011,"5,884.05",62.5,67.25
8/31/2011,"5,784.83",59,65.75
9/1/2011,"5,649.68",58.25,69.5
9/2/2011,"5,517.70",59,70
9/3/2011,"5,331.16",61.25,77.5
9/4/2011,"5,189.87",62,79.25
9/5/2011,"5,417.22",63.25,78.75
9/6/2011,"5,888.11",63.75,80
9/7/2011,"5,932.12",67.75,83.25
9/8/2011,"5,869.12",68.75,81.75
9/9/2011,"5,916.85",67.25,81.75
9/10/2011,"5,628.41",67.75,83.5
9/11/2011,"5,541.79",67,84
9/12/2011,"5,758.77",60.25,71.25
9/13/2011,"5,678.32",60.75,66
9/14/2011,"5,656.11",61.5,65.25
9/15/2011,"5,459.07",60.25,65.75
9/16/2011,"5,314.60",56.75,64.75
9/17/2011,"5,158.05",54.75,58.25
9/18/2011,"5,194.82",60,64
9/19/2011,"5,466.35",60.5,67.75
9/20/2011,"5,490.31",56.75,71.5
9/21/2011,"5,546.45",63.5,76.75
9/22/2011,"5,529.03",62.75,73.5
9/23/2011,"5,845.10",65.5,78
9/24/2011,"5,389.49",65,75.75
9/25/2011,"5,298.56",58.5,66.75
9/26/2011,"5,610.80",56.25,64.75
9/27/2011,"5,580.08",57.5,63.25
9/28/2011,"5,507.99",54.75,65.5
9/29/2011,"5,379.26",57.75,73.25
9/30/2011,"5,266.40",56.75,69
10/1/2011,"5,275.46",56.5,61
10/2/2011,"5,184.82",57,60.25
10/3/2011,"5,471.84",56.5,61.5
10/4/2011,"5,619.69",54.25,59.75
10/5/2011,"5,706.63",50.75,55.5
10/6/2011,"5,730.68",51,54.25
10/7/2011,"5,526.21",54.25,57
10/8/2011,"5,192.95",57.5,64
10/9/2011,"5,193.58",55.75,58.75
10/10/2011,"5,630.98",55.75,60.75
10/11/2011,"5,562.95",55.75,61.25
10/12/2011,"5,640.26",54,59.25
10/13/2011,"5,571.50",52.25,55
10/14/2011,"5,488.70",52,57
10/15/2011,"5,216.60",52,58
10/16/2011,"5,285.86",50.75,58.25
10/17/2011,"5,709.32",47.25,57
10/18/2011,"5,619.60",55,66
10/19/2011,"5,594.73",53.75,59.5
10/20/2011,"5,496.84",53.75,58.75
10/21/2011,"5,459.10",56.75,60
10/22/2011,"5,182.06",60,64.25
10/23/2011,"5,104.09",56.25,61.25
10/24/2011,"5,675.77",46,55.75
10/25/2011,"5,953.22",40.75,52.75
10/26/2011,"6,279.86",42.5,49.25
10/27/2011,"6,058.54",41,52.5
10/28/2011,"6,054.65",48.75,54.5
10/29/2011,"5,356.27",49.25,56.25
10/30/2011,"5,480.55",53.25,58.5
10/31/2011,"5,839.98",41.5,53
11/1/2011,"6,367.27",37.5,46
11/2/2011,"6,419.63",39.5,50.75
11/3/2011,"6,129.47",42.75,49.25
11/4/2011,"6,412.05",40,45
11/5/2011,"6,232.91",41,45.5
11/6/2011,"6,217.23",39,47.25
11/7/2011,"6,470.85",46,50
11/8/2011,"6,186.40",45,50.5
11/9/2011,"6,034.76",48.25,53.75
11/10/2011,"6,226.68",40.25,52.5
11/11/2011,"6,570.36",36.75,45.5
11/12/2011,"6,381.81",43.75,47
11/13/2011,"5,973.95",48.25,51.25
11/14/2011,"6,320.06",46.75,49.75
11/15/2011,"6,715.26",38.25,41.5
11/16/2011,"7,097.48",39.25,45.5
11/17/2011,"6,683.55",44.25,48.5
11/18/2011,"6,959.85",38.25,42.25
11/19/2011,"6,943.55",37.5,41.75
11/20/2011,"7,071.64",32.25,38.75
11/21/2011,"6,982.17",41.25,47.5
11/22/2011,"6,464.53",51.5,56.25
11/23/2011,"6,323.28",48,52.5
11/24/2011,"6,662.14",42.25,45.75
11/25/2011,"6,503.62",41.75,47.25
11/26/2011,"6,334.39",46.75,49.75
11/27/2011,"6,359.65",46.25,50.5
11/28/2011,"6,598.96",40.5,46
11/29/2011,"6,883.48",39.5,42.5
11/30/2011,"6,603.76",42.5,48.25
12/1/2011,"7,030.89",33.5,43
12/2/2011,"6,834.24",39.25,45
12/3/2011,"7,036.38",32.25,37.25
12/4/2011,"6,840.56",36,41.5
12/5/2011,"7,476.50",29.75,38.5
12/6/2011,"7,555.72",32.75,34.5
12/7/2011,"7,410.79",35.5,37.75
12/8/2011,"7,539.57",32.75,42
12/9/2011,"7,741.13",30.75,40.25
12/10/2011,"7,636.63",29.25,34
12/11/2011,"7,384.70",34.5,38.25
12/12/2011,"7,893.60",29.5,40
12/13/2011,"8,055.98",28.25,37
12/14/2011,"7,827.39",32,38
12/15/2011,"7,268.79",36.75,38.75
12/16/2011,"6,927.58",38,44.25
12/17/2011,"6,871.40",36,41.5
12/18/2011,"6,772.12",38.25,41
12/19/2011,"7,123.09",40.5,42.75
12/20/2011,"7,295.41",40,42
12/21/2011,"7,376.00",35,40.5
12/22/2011,"7,686.42",30.25,38
12/23/2011,"7,196.73",34.25,41.5
12/24/2011,"6,727.38",38.75,43.5
12/25/2011,"6,870.06",39.5,47.75
12/26/2011,"6,835.47",35.75,39.75
12/27/2011,"6,919.29",45.25,49
12/28/2011,"6,536.88",53,55.5
12/29/2011,"6,507.13",46.5,52
12/30/2011,"6,761.04",44.75,50
12/31/2011,"6,886.12",34,39
1/1/2012,"6,543.74",40.75,47.5
1/2/2012,"6,765.10",42,49.5
1/3/2012,"6,630.71",44.5,49.25
1/4/2012,"6,760.01",43.5,48.75
1/5/2012,"6,672.85",42.5,50.25
1/6/2012,"7,162.77",34.5,37.5
1/7/2012,"6,663.96",38,43.5
1/8/2012,"6,471.96",34.25,40.75
1/9/2012,"6,768.13",36.75,40
1/10/2012,"6,858.26",35.75,43.25
1/11/2012,"7,395.79",33.75,42
1/12/2012,"7,611.26",30.5,39.25
1/13/2012,"7,405.44",31.25,39
1/14/2012,"7,327.93",36,42
1/15/2012,"7,543.54",33.75,37
1/16/2012,"8,072.04",32.5,35.5
1/17/2012,"7,871.17",34.5,38
1/18/2012,"7,939.28",38.75,44
1/19/2012,"7,847.46",39.25,44.5
1/20/2012,"7,400.13",37,39.5
1/21/2012,"7,104.77",41.25,48.75
1/22/2012,"7,120.82",38.75,45
1/23/2012,"7,107.26",35.5,40
1/24/2012,"7,337.56",38.25,44.25
1/25/2012,"6,904.51",47.75,53.75
1/26/2012,"7,180.44",40.75,48.5
1/27/2012,"7,290.08",29,37
1/28/2012,"6,908.42",33.25,40
1/29/2012,"6,427.11",41.75,45.25
1/30/2012,"6,813.12",44.75,50.25
1/31/2012,"6,735.86",44,48.5
2/1/2012,"6,966.63",43,49
2/2/2012,"6,655.43",38.75,46.25
2/3/2012,"6,744.67",43.5,50
2/4/2012,"6,488.01",41.5,48.75
2/5/2012,"6,505.28",36.75,48.25
2/6/2012,"6,862.14",40.75,48.5
2/7/2012,"6,785.69",42,46.25
2/8/2012,"6,592.30",40.25,44
2/9/2012,"6,352.22",43,46.5
2/10/2012,"6,187.94",43.5,46.25
2/11/2012,"6,109.24",41.75,47.5
2/12/2012,"6,356.27",38.75,45.25
2/13/2012,"6,589.60",40.75,43.25
2/14/2012,"6,793.46",40.5,44
2/15/2012,"6,885.84",36.5,43
2/16/2012,"6,939.86",38.25,41.75
2/17/2012,"6,541.81",43.75,47.25
2/18/2012,"6,726.92",41.75,46
2/19/2012,"6,601.62",39,44.25
2/20/2012,"6,794.99",41.5,45
2/21/2012,"6,817.60",50.25,53.25
2/22/2012,"6,482.45",48,51.75
2/23/2012,"6,968.04",38.75,46.75
2/24/2012,"6,687.29",42.5,47.75
2/25/2012,"6,829.92",38.5,43.25
2/26/2012,"6,835.62",37,42.25
2/27/2012,"7,113.05",34.5,42.5
2/28/2012,"7,404.49",35.75,39.5
2/29/2012,"7,381.19",36,39.333
3/1/2012,"6,980.96",34.75,41.25
3/2/2012,"6,810.78",40.25,44.25
3/3/2012,"6,245.52",46.75,52.5
3/4/2012,"5,923.07",41.75,50.5
3/5/2012,"6,701.93",41,47
3/6/2012,"7,065.61",37.333,45.333
3/7/2012,"6,998.48",34,44.25
3/8/2012,"6,540.81",39,53.75
3/9/2012,"6,172.96",45.333,57
3/10/2012,"5,978.01",47.75,51
3/11/2012,"6,325.05",41.75,45.75
3/12/2012,"7,024.45",42,49
3/13/2012,"7,179.12",35.5,42.25
3/14/2012,"7,162.18",38.5,41
3/15/2012,"6,593.86",46.25,52.25
3/16/2012,"6,412.67",44.5,51.5
3/17/2012,"6,290.22",42,47.333
3/18/2012,"6,528.32",36,42.5
3/19/2012,"7,064.34",36.5,41
3/20/2012,"7,048.83",42.25,47
3/21/2012,"7,204.42",34.75,39
3/22/2012,"6,904.70",35.5,42
3/23/2012,"6,494.66",38,47.5
3/24/2012,"6,187.66",49.25,58
3/25/2012,"5,887.76",44.25,51.5
3/26/2012,"6,271.99",44.25,52
3/27/2012,"6,283.34",47.75,52.5
3/28/2012,"6,335.52",47,51.75
3/29/2012,"6,559.38",49.25,52.5
3/30/2012,"6,392.50",47.5,51.5
3/31/2012,"6,202.33",43.25,48.75
4/1/2012,"6,414.16",42.75,48.5
4/2/2012,"6,274.20",45.75,53.75
4/3/2012,"6,399.42",45,50
4/4/2012,"6,588.51",41,46.5
4/5/2012,"6,518.22",40.25,44.25
4/6/2012,"6,500.40",40.5,47.75
4/7/2012,"6,174.55",41,53.25
4/8/2012,"5,644.92",54.25,62
4/9/2012,"5,803.22",50,61.75
4/10/2012,"5,813.27",51.25,60.5
4/11/2012,"5,982.30",49,53.5
4/12/2012,"6,077.80",45.75,54.25
4/13/2012,"6,121.34",44.25,55.5
4/14/2012,"5,832.62",45.25,56
4/15/2012,"5,717.35",48.5,58.5
4/16/2012,"6,048.83",51.667,58.667
4/17/2012,"6,399.97",43.25,49.5
4/18/2012,"6,128.56",49,54.75
4/19/2012,"6,227.48",46.5,52
4/20/2012,"5,888.56",51.25,57
4/21/2012,"5,515.43",50,62.75
4/22/2012,"5,337.88",57.25,72
4/23/2012,"5,723.04",60.5,74
4/24/2012,"5,823.47",57.25,62
4/25/2012,"5,905.22",56.5,63
4/26/2012,"5,926.74",49.25,55
4/27/2012,"6,057.83",46,53.5
4/28/2012,"5,431.60",52.75,58.25
4/29/2012,"5,407.15",56,62
4/30/2012,"6,062.87",50.5,57.75
5/1/2012,"6,326.41",45.25,51.25
5/2/2012,"6,277.55",45.75,52.75
5/3/2012,"6,387.87",48.25,53.75
5/4/2012,"6,198.85",46,52
5/5/2012,"5,954.93",46.5,52.75
5/6/2012,"5,731.28",47.25,59.5
5/7/2012,"5,859.46",53.5,69.75
5/8/2012,"5,803.09",53.5,68
5/9/2012,"6,011.06",45,52
5/10/2012,"6,224.58",44,55.25
5/11/2012,"6,025.84",49.5,64.75
5/12/2012,"5,655.99",55.5,72.5
5/13/2012,"5,474.84",60.25,77.25
5/14/2012,"6,144.90",62.5,79
5/15/2012,"6,293.25",56.25,70.75
5/16/2012,"6,141.77",54.5,68
5/17/2012,"5,928.77",49,60.75
5/18/2012,"5,937.92",49.25,59
5/19/2012,"5,683.82",53,63.5
5/20/2012,"5,594.70",57.75,63.25
5/21/2012,"5,964.29",56,60
5/22/2012,"5,962.67",51.75,56.5
5/23/2012,"6,015.32",51,58.75
5/24/2012,"6,409.98",50.75,55.75
5/25/2012,"6,089.88",52.5,63.75
5/26/2012,"5,659.66",53.75,62
5/27/2012,"5,617.39",53.75,60.5
5/28/2012,"5,713.80",53.75,60.5
5/29/2012,"5,958.76",53,60.75
5/30/2012,"6,176.92",58,66.25
5/31/2012,"6,210.64",60.667,67
6/1/2012,"6,129.97",63,71.5
6/2/2012,"5,823.09",57.25,63.25
6/3/2012,"5,806.38",53.5,59.5
6/4/2012,"6,027.14",52.25,58.25
6/5/2012,"6,058.36",49.5,58.25
6/6/2012,"5,829.82",52,60.5
6/7/2012,"5,988.33",53.5,61
6/8/2012,"5,807.56",48.25,55
6/9/2012,"5,769.02",50.75,58.5
6/10/2012,"5,475.28",53,62.5
6/11/2012,"5,853.46",57.75,69.5
6/12/2012,"6,109.63",57.75,64
6/13/2012,"6,116.06",55,62
6/14/2012,"6,158.93",52.25,61.25
6/15/2012,"6,028.16",58,69.75
6/16/2012,"6,049.86",65.25,77.75
6/17/2012,"5,803.18",63.75,70.25
6/18/2012,"6,059.42",56.25,61.75
6/19/2012,"6,056.71",54.75,59.75
6/20/2012,"6,101.89",57,70.25
6/21/2012,"6,170.27",61.25,73.5
6/22/2012,"6,428.64",58.75,64
6/23/2012,"5,877.57",54,60
6/24/2012,"5,669.26",56.25,64
6/25/2012,"6,067.63",57.5,63.25
6/26/2012,"6,050.24",55.5,61.75
6/27/2012,"5,862.35",56.5,68
6/28/2012,"5,869.23",60.25,70.75
6/29/2012,"5,897.71",64.5,72
6/30/2012,"6,058.45",63.333,69
7/1/2012,"5,953.35",59.75,66.25
7/2/2012,"6,097.81",59,67.25
7/3/2012,"5,995.93",57,63.75
7/4/2012,"5,762.65",56,66.75
7/5/2012,"6,013.89",60.75,72.75
7/6/2012,"6,091.12",61,74.75
7/7/2012,"6,193.33",63.5,76.75
7/8/2012,"6,136.03",66.25,79.75
7/9/2012,"6,336.04",61,75.5
7/10/2012,"6,621.73",59.5,72.25
7/11/2012,"6,535.80",64,77.25
7/12/2012,"6,623.37",62.5,76.25
7/13/2012,"6,442.79",61.5,71.75
7/14/2012,"6,087.04",64.25,75.25
7/15/2012,"6,132.12",61,68.75
7/16/2012,"6,289.29",62.75,71.75
7/17/2012,"6,264.36",66.75,76.75
7/18/2012,"6,277.62",64,69.75
7/19/2012,"6,398.55",65.75,73.25
7/20/2012,"6,269.98",64.75,70
7/21/2012,"5,843.12",64.5,74.25
7/22/2012,"5,896.93",59.25,67
7/23/2012,"6,156.39",56.25,66.5
7/24/2012,"6,280.24",60.75,71.5
7/25/2012,"6,518.35",64,77.25
7/26/2012,"6,627.00",61,74.5
7/27/2012,"6,242.60",60.75,66.5
7/28/2012,"6,168.45",63,71.75
7/29/2012,"6,116.92",63,70.5
7/30/2012,"6,401.33",61.25,68.75
7/31/2012,"6,370.20",59.333,69
8/1/2012,"6,398.32",59.5,70.5
8/2/2012,"6,328.29",60,70
8/3/2012,"6,340.55",65.75,78.25
8/4/2012,"6,215.85",70,89.5
8/5/2012,"6,328.76",71.25,86
8/6/2012,"6,605.47",69.75,83.75
8/7/2012,"6,439.25",63.75,73.25
8/8/2012,"6,433.05",63.5,69.75
8/9/2012,"6,229.63",62.75,73.25
8/10/2012,"6,256.47",61.5,72.75
8/11/2012,"6,197.51",64,77
8/12/2012,"6,158.29",69,84.5
8/13/2012,"6,423.24",67.75,83.25
8/14/2012,"6,447.76",65.5,80.25
8/15/2012,"6,375.05",68.5,83.5
8/16/2012,"6,578.89",73.25,89.75
8/17/2012,"6,704.75",70,87.5
8/18/2012,"6,145.33",62.75,73
8/19/2012,"6,100.39",63.25,71
8/20/2012,"6,226.71",62.25,72.5
8/21/2012,"6,087.45",62.75,71.5
8/22/2012,"5,942.08",59.5,70.25
8/23/2012,"5,935.54",59,68.75
8/24/2012,"5,787.51",57,69.25
8/25/2012,"5,724.64",60.75,75.5
8/26/2012,"5,541.59",60.5,71.5
8/27/2012,"5,808.90",62.75,72
8/28/2012,"5,816.47",64,71.5
8/29/2012,"5,820.07",61.5,70
8/30/2012,"5,767.48",59.5,71
8/31/2012,"5,654.41",58.5,69.75
9/1/2012,"5,483.33",55.5,68.5
9/2/2012,"5,374.74",57,69.25
9/3/2012,"5,544.66",58.75,71
9/4/2012,"5,838.67",63.25,75.5
9/5/2012,"5,863.89",63.25,78
9/6/2012,"5,859.15",63.25,79.25
9/7/2012,"5,854.98",65.75,83.25
9/8/2012,"5,617.80",62.5,77
9/9/2012,"5,433.92",59,65.25
9/10/2012,"5,521.98",59,67
9/11/2012,"5,661.26",53.75,64.75
9/12/2012,"5,687.48",57.5,73.25
9/13/2012,"5,738.06",61.75,77.75
9/14/2012,"5,641.23",61.5,78
9/15/2012,"5,454.98",60,74
9/16/2012,"5,189.81",58.25,73
9/17/2012,"5,670.44",60.25,78.75
9/18/2012,"5,693.97",60.5,78
9/19/2012,"5,605.02",57.25,66.75
9/20/2012,"5,519.13",57,61
9/21/2012,"5,464.40",59.5,62.75
9/22/2012,"5,350.77",56,67.25
9/23/2012,"5,110.58",54.75,66.25
9/24/2012,"5,454.73",55.75,66.25
9/25/2012,"5,480.10",57.75,66.25
9/26/2012,"5,528.71",55,65.75
9/27/2012,"5,496.67",59.75,72
9/28/2012,"5,373.92",64,75.25
9/29/2012,"5,165.91",61.5,70.75
9/30/2012,"5,038.70",54,64.333
10/1/2012,"5,476.32",57.25,72.75
10/2/2012,"5,507.52",53.75,65.75
10/3/2012,"5,628.31",54.25,64.25
10/4/2012,"5,629.97",54.25,66.75
10/5/2012,"5,662.39",53.25,68.5
10/6/2012,"5,423.71",52.75,69
10/7/2012,"5,471.43",49.5,69
10/8/2012,"5,644.08",48.5,64
10/9/2012,"5,651.68",49.5,61.25
10/10/2012,"5,785.77",48,58.75
10/11/2012,"5,650.26",48.5,58.75
10/12/2012,"5,748.58",51,53.75
10/13/2012,"5,405.36",57.25,62
10/14/2012,"5,254.66",58.75,63.75
10/15/2012,"5,530.43",61.5,63.75
10/16/2012,"5,593.67",54.5,62
10/17/2012,"5,642.52",47,56.75
10/18/2012,"5,767.90",49.5,59.5
10/19/2012,"5,655.17",55.25,58.5
10/20/2012,"5,689.66",46,52.25
10/21/2012,"5,760.98",45.25,50.5
10/22/2012,"6,460.43",44.5,49.25
10/23/2012,"6,332.48",44.75,48.75
10/24/2012,"6,307.17",46.25,50.25
10/25/2012,"6,089.68",45.25,51.75
10/26/2012,"6,087.88",47.75,53.75
10/27/2012,"5,711.53",52,56
10/28/2012,"5,313.12",57,62
10/29/2012,"5,550.82",59.75,64.75
10/30/2012,"5,659.58",57.75,60.25
10/31/2012,"5,606.78",56.5,58.75
11/1/2012,"5,668.32",54.25,59.5
11/2/2012,"5,569.98",52.75,57.5
11/3/2012,"5,324.25",56,59.75
11/4/2012,"5,085.02",58.75,63
11/5/2012,"5,488.56",57.25,62.25
11/6/2012,"5,677.55",53.5,57
11/7/2012,"5,816.74",46.75,54.75
11/8/2012,"6,399.05",42.25,48
11/9/2012,"6,716.33",39.25,45.5
11/10/2012,"6,644.53",38.5,43.75
11/11/2012,"6,623.65",41.75,44.5
11/12/2012,"6,468.97",45.75,49
11/13/2012,"6,176.85",48.75,52
11/14/2012,"6,169.32",47,53.25
11/15/2012,"6,391.16",42,49
11/16/2012,"6,324.66",44.5,48
11/17/2012,"6,028.51",45.5,48
11/18/2012,"6,085.91",46.25,49.75
11/19/2012,"6,262.52",51.75,56.5
11/20/2012,"6,169.26",49.25,53.5
11/21/2012,"6,480.97",43.75,48.75
11/22/2012,"6,248.25",39.75,45.25
11/23/2012,"6,139.37",43.5,48.25
11/24/2012,"6,123.34",46.5,51.25
11/25/2012,"6,376.91",39,46.5
11/26/2012,"6,987.95",42,47.5
11/27/2012,"7,009.84",39,43.25
11/28/2012,"6,969.06",40.25,44.5
11/29/2012,"6,566.26",42.5,44.75
11/30/2012,"6,246.10",45.333,51.333
12/1/2012,"5,991.18",48.25,52.75
12/2/2012,"6,199.23",47.75,50
12/3/2012,"6,339.71",49,51.75
12/4/2012,"6,341.10",49.75,54.5
12/5/2012,"6,476.99",42,49.25
12/6/2012,"6,822.39",41.75,46
12/7/2012,"6,701.95",45.25,47.5
12/8/2012,"6,638.15",40.75,45
12/9/2012,"6,646.38",42.25,44.75
12/10/2012,"6,670.39",46.75,50
12/11/2012,"6,899.88",44.25,46.25
12/12/2012,"6,783.94",42.25,45.5
12/13/2012,"7,066.09",40.75,43.5
12/14/2012,"7,157.26",38.75,42
12/15/2012,"7,271.27",36.5,39.25
12/16/2012,"7,105.14",40.75,44.75
12/17/2012,"7,339.00",41.25,45
12/18/2012,"7,670.04",35.5,38.25
12/19/2012,"7,657.32",38,44
12/20/2012,"7,254.25",38.75,42.75
12/21/2012,"7,159.92",38,42.5
12/22/2012,"6,703.32",42.5,45.75
12/23/2012,"6,824.11",40,42.5
12/24/2012,"6,740.76",39.75,43.5
12/25/2012,"6,890.13",38.75,40.5
12/26/2012,"7,031.24",38.25,40.25
12/27/2012,"6,929.54",39.5,44.25
12/28/2012,"7,030.76",37.75,41.5
12/29/2012,"7,090.39",33.5,38.5
12/30/2012,"7,010.54",33.25,39.5
12/31/2012,"7,515.17",30.667,34.667
1/1/2013,"7,336.45",27.5,34.5
1/2/2013,"7,852.23",34,38
1/3/2013,"7,842.28",33.5,37.5
1/4/2013,"7,257.33",34.5,38
1/5/2013,"7,113.29",35.25,37
1/6/2013,"6,889.60",35.75,38
1/7/2013,"6,964.68",45.25,50
1/8/2013,"6,741.53",48.25,52.25
1/9/2013,"6,966.00",42.75,48
1/10/2013,"7,577.26",35,38.5
1/11/2013,"7,617.39",31,37.75
1/12/2013,"7,831.00",27.25,32.25
1/13/2013,"7,934.36",27.75,31.5
1/14/2013,"8,059.68",29.5,31.75
1/15/2013,"7,751.27",34.75,36.5
1/16/2013,"7,910.14",34.75,36.25
1/17/2013,"7,886.67",32.75,38.75
1/18/2013,"7,771.66",28,38.5
1/19/2013,"7,533.25",27.5,32
1/20/2013,"7,477.27",28.25,35.5
1/21/2013,"7,966.30",28.25,36.5
1/22/2013,"8,051.59",29,36.75
1/23/2013,"7,738.48",33,35
1/24/2013,"7,340.06",35.5,39.75
1/25/2013,"6,839.83",38.5,42.75
1/26/2013,"6,716.42",40,44
1/27/2013,"6,874.88",39.75,42
1/28/2013,"7,394.34",41.25,43
1/29/2013,"7,115.57",44.75,46.25
1/30/2013,"6,756.74",46,48
1/31/2013,"6,513.46",44.667,49
2/1/2013,"6,352.56",42,50
2/2/2013,"6,410.41",37.25,47
2/3/2013,"6,432.66",39.75,44.75
2/4/2013,"6,497.63",43,48
2/5/2013,"6,513.41",44.75,49.25
2/6/2013,"6,522.27",45,49.25
2/7/2013,"6,606.55",40.25,47.5
2/8/2013,"6,957.25",33.25,41.5
2/9/2013,"6,616.80",37.25,41.5
2/10/2013,"6,368.39",40,45
2/11/2013,"6,738.03",42.5,45
2/12/2013,"6,517.91",47,50.75
2/13/2013,"6,548.06",46.25,51.25
2/14/2013,"6,476.48",39.25,47
2/15/2013,"6,289.04",42.5,52.5
2/16/2013,"6,285.22",41.5,49.25
2/17/2013,"6,289.46",39.25,44.25
2/18/2013,"6,777.44",37.75,43.5
2/19/2013,"6,653.98",41,50.333
2/20/2013,"6,917.51",38.25,45
2/21/2013,"6,958.87",42,44.25
2/22/2013,"6,936.52",43.25,46.25
2/23/2013,"6,582.43",38.5,44.25
2/24/2013,"6,337.29",40,46.25
2/25/2013,"6,749.85",41.5,47
2/26/2013,"6,766.84",40,45.25
2/27/2013,"6,531.13",44.75,49
2/28/2013,"6,365.91",48.667,52.667
3/1/2013,"5,837.32",54,58.25
3/2/2013,"5,687.05",47.5,54.5
3/3/2013,"6,100.57",38.5,47.25
3/4/2013,"6,565.93",36.25,48.75
3/5/2013,"6,677.15",42.25,45.75
3/6/2013,"6,771.52",41.5,43.75
3/7/2013,"6,352.85",40.75,50.75
3/8/2013,"6,299.25",37.75,51.25
3/9/2013,"6,024.83",37.5,50.5
3/10/2013,"6,136.76",39.75,46.5
3/11/2013,"6,095.26",46.75,49.75
3/12/2013,"5,976.06",49.75,57.25
3/13/2013,"5,843.26",49.75,57.5
3/14/2013,"5,777.16",50.5,56.5
3/15/2013,"5,721.37",53,59.25
3/16/2013,"5,818.44",46,50
3/17/2013,"6,299.26",41,46.75
3/18/2013,"6,497.02",40.5,49
3/19/2013,"6,626.89",40.75,47.5
3/20/2013,"6,378.34",45,52.75
3/21/2013,"6,772.49",39.25,46.25
3/22/2013,"6,698.72",37.25,43.25
3/23/2013,"6,358.07",36.75,44.5
3/24/2013,"6,174.25",41.25,49
3/25/2013,"6,190.53",45,54.5
3/26/2013,"6,082.71",43.5,51.25
3/27/2013,"6,027.22",46.5,58
3/28/2013,"5,812.47",49.75,58.75
3/29/2013,"5,687.54",52.5,62.75
3/30/2013,"5,382.34",51.5,67.25
3/31/2013,"5,154.22",50,65.333
4/1/2013,"5,670.73",53,61.75
4/2/2013,"5,869.79",52.5,59.75
4/3/2013,"5,852.41",49.25,58.25
4/4/2013,"6,002.44",53.5,59.25
4/5/2013,"6,058.41",53,56.75
4/6/2013,"5,923.72",49.5,54.25
4/7/2013,"6,150.80",45.75,52.25
4/8/2013,"6,386.91",44.75,50.25
4/9/2013,"6,333.09",45.25,52
4/10/2013,"6,197.12",51.5,56.25
4/11/2013,"6,179.95",43.75,54
4/12/2013,"6,522.54",43.5,49.75
4/13/2013,"6,435.02",42.5,50.25
4/14/2013,"6,152.15",42.5,48.75
4/15/2013,"6,463.63",42.75,51
4/16/2013,"6,271.04",42,53.25
4/17/2013,"6,230.15",42.75,53
4/18/2013,"6,180.33",48.75,54.5
4/19/2013,"6,164.70",51,54.75
4/20/2013,"5,739.94",50.25,56
4/21/2013,"5,856.50",48.5,52
4/22/2013,"6,216.28",45,57.75
4/23/2013,"6,254.28",45.25,60
4/24/2013,"6,081.75",49,65.75
4/25/2013,"5,881.92",51.5,68
4/26/2013,"5,788.91",52.75,68
4/27/2013,"5,630.27",52,66
4/28/2013,"5,623.20",55.25,62.25
4/29/2013,"6,061.60",49.25,57
4/30/2013,"6,368.72",44,51.333
5/1/2013,"6,177.61",47,60.5
5/2/2013,"5,911.21",53.5,69.5
5/3/2013,"5,845.46",56.75,71
5/4/2013,"5,577.60",60.25,75
5/5/2013,"5,479.48",60.75,79.5
5/6/2013,"5,895.89",59.5,76
5/7/2013,"5,966.23",55.25,69.25
5/8/2013,"6,004.75",55.75,63.25
5/9/2013,"6,104.73",56,68.75
5/10/2013,"6,067.78",59.75,74.25
5/11/2013,"5,830.39",62.75,76.5
5/12/2013,"5,639.49",61.5,68.5
5/13/2013,"5,953.16",57.75,64
5/14/2013,"5,960.46",52,61.75
5/15/2013,"6,025.69",52,57.5
5/16/2013,"6,035.16",55.5,60.25
5/17/2013,"5,981.61",52.5,60.5
5/18/2013,"5,660.22",53.5,56.25
5/19/2013,"5,623.79",54.75,61.25
5/20/2013,"6,065.53",52.25,63.75
5/21/2013,"6,192.01",48.5,54.75
5/22/2013,"6,397.17",45,47.75
5/23/2013,"6,284.52",48.25,51.25
5/24/2013,"6,020.34",49.75,55
5/25/2013,"5,667.12",53.5,61.5
5/26/2013,"5,455.31",56,62
5/27/2013,"5,661.41",53,61
5/28/2013,"5,870.53",55,61
5/29/2013,"5,920.24",53.75,61.5
5/30/2013,"5,864.92",52.25,58
5/31/2013,"5,871.11",53.667,61.667
6/1/2013,"5,623.57",55.5,68
6/2/2013,"5,552.60",58.25,67.5
6/3/2013,"5,858.96",55,66.5
6/4/2013,"5,954.19",59.5,73.5
6/5/2013,"5,951.72",63.75,77.25
6/6/2013,"6,095.16",60.75,74.5
6/7/2013,"6,086.61",59.25,72.5
6/8/2013,"5,766.19",56.75,69.5
6/9/2013,"5,676.66",55.75,67.5
6/10/2013,"6,048.43",53.5,63.75
6/11/2013,"6,120.35",56,61.5
6/12/2013,"6,102.87",54.5,59.75
6/13/2013,"6,071.53",54,59.5
6/14/2013,"5,936.19",56.5,63.25
6/15/2013,"5,730.58",58.5,71.75
6/16/2013,"5,663.39",59.5,69
6/17/2013,"6,038.10",60.5,71.25
6/18/2013,"5,796.50",59.75,67.75
6/19/2013,"5,824.16",57,62.5
6/20/2013,"5,851.32",56.5,64.25
6/21/2013,"5,679.69",59,65.5
6/22/2013,"5,418.81",59.5,71.25
6/23/2013,"5,427.28",62.75,67.75
6/24/2013,"5,738.18",58.75,65.25
6/25/2013,"5,708.61",60.75,65.5
6/26/2013,"5,622.31",61.75,68.25
6/27/2013,"5,753.61",65.75,75.25
6/28/2013,"6,042.85",67.5,81.25
6/29/2013,"5,993.23",69.25,81
6/30/2013,"6,161.74",71.25,86.5
7/1/2013,"6,729.06",71,84.25
7/2/2013,"6,788.52",69,81.667
7/3/2013,"6,495.82",64,78
7/4/2013,"5,951.66",59.25,70
7/5/2013,"5,965.48",60,68.25
7/6/2013,"5,945.11",60.25,70.75
7/7/2013,"5,979.42",60.25,71.75
7/8/2013,"6,209.52",62.25,72.75
7/9/2013,"6,329.82",66.25,80.5
7/10/2013,"6,200.88",60.25,74.25
7/11/2013,"6,095.69",58.5,69.25
7/12/2013,"5,944.29",58.25,67.75
7/13/2013,"5,918.76",60,72.5
7/14/2013,"5,961.52",64.5,78.25
7/15/2013,"6,253.21",64.25,77.75
7/16/2013,"6,364.64",68.25,84.25
7/17/2013,"6,405.50",63.25,72.5
7/18/2013,"6,254.20",62.5,73.5
7/19/2013,"6,211.15",60.5,73.75
7/20/2013,"6,052.43",60,71.75
7/21/2013,"5,960.98",60.25,72.5
7/22/2013,"6,428.55",62,73
7/23/2013,"6,528.27",64,77.5
7/24/2013,"6,505.78",65.25,80.75
7/25/2013,"6,529.06",64,80.5
7/26/2013,"6,487.83",63.25,79.5
7/27/2013,"5,869.52",59.25,72.5
7/28/2013,"5,610.14",57.25,67.5
7/29/2013,"6,161.29",61.5,69.75
7/30/2013,"6,345.35",61.25,73.25
7/31/2013,"6,241.48",61,69.667
8/1/2013,"6,062.10",59.25,63.75
8/2/2013,"5,893.54",61.75,68.25
8/3/2013,"5,664.17",63.75,73.5
8/4/2013,"5,798.84",66.75,79.75
8/5/2013,"6,171.08",66.75,80.75
8/6/2013,"6,249.19",65.75,81.75
8/7/2013,"6,219.85",65.25,79.25
8/8/2013,"6,241.62",64.25,75.25
8/9/2013,"6,054.62",64.75,73
8/10/2013,"5,775.77",64.75,75
8/11/2013,"5,648.24",63.5,70.5
8/12/2013,"6,079.93",63.75,72.75
8/13/2013,"6,269.21",63.5,76
8/14/2013,"6,251.04",65.5,78.5
8/15/2013,"6,118.87",69,75.25
8/16/2013,"6,258.21",67.75,77.75
8/17/2013,"5,870.11",65.5,77
8/18/2013,"5,783.65",66,76
8/19/2013,"6,133.28",64.5,76.25
8/20/2013,"6,051.69",62.5,74
8/21/2013,"6,026.24",66.25,80
8/22/2013,"5,901.93",66.5,77.75
8/23/2013,"5,837.52",64,72.75
8/24/2013,"5,525.32",65,72
8/25/2013,"5,428.26",61.75,68
8/26/2013,"5,609.71",63.75,73.5
8/27/2013,"5,757.57",66.25,74.25
8/28/2013,"5,923.51",67.5,76.25
8/29/2013,"5,917.24",67.5,75
8/30/2013,"5,848.30",67.5,76
8/31/2013,"5,480.84",65.25,79
9/1/2013,"5,544.38",67,78.75
9/2/2013,"5,689.21",68.5,76.25
9/3/2013,"5,854.92",64.5,75
9/4/2013,"5,973.72",65,70.5
9/5/2013,"5,761.39",63,68
9/6/2013,"5,591.07",61.5,66
9/7/2013,"5,408.19",62,72.25
9/8/2013,"5,451.94",65.5,76.5
9/9/2013,"5,770.77",64.75,75.75
9/10/2013,"5,840.47",67.25,80.75
9/11/2013,"5,982.97",69,85
9/12/2013,"5,836.92",63.5,74.75
9/13/2013,"5,669.62",62.5,70.5
9/14/2013,"5,519.80",64.5,72
9/15/2013,"5,468.93",62.75,67
9/16/2013,"5,445.11",62.5,65.75
9/17/2013,"5,374.00",59.25,65.5
9/18/2013,"5,458.91",57.75,68
9/19/2013,"5,321.96",54.75,70.25
9/20/2013,"5,391.31",58.25,68
9/21/2013,"5,293.93",58,64
9/22/2013,"5,301.97",57.5,60.5
9/23/2013,"5,476.46",56.75,61
9/24/2013,"5,520.02",53.5,58
9/25/2013,"5,615.84",51.5,57.5
9/26/2013,"5,602.98",51.5,60.25
9/27/2013,"5,694.61",52,55.5
9/28/2013,"5,642.84",57.5,62.25
9/29/2013,"5,649.82",54.25,56
9/30/2013,"5,684.53",51.667,57
10/1/2013,"5,651.77",49.75,56.5
10/2/2013,"5,782.42",46.25,51.75
10/3/2013,"5,750.47",46.75,52.75
10/4/2013,"5,711.61",46.5,56.5
10/5/2013,"5,484.84",47.5,62.75
10/6/2013,"5,223.09",50.25,65.5
10/7/2013,"5,628.73",54.5,60
10/8/2013,"5,870.61",49.5,56
10/9/2013,"5,965.63",43.5,53.75
10/10/2013,"5,745.88",50.25,56
10/11/2013,"5,745.26",51,56.75
10/12/2013,"5,441.91",49,54.5
10/13/2013,"5,562.64",47.25,55.75
10/14/2013,"5,882.91",46,60
10/15/2013,"5,901.83",46.25,60.5
10/16/2013,"5,840.50",46.5,58.25
10/17/2013,"5,854.98",47.75,57.5
10/18/2013,"5,828.92",47.75,61.75
10/19/2013,"5,642.59",44.25,57.5
10/20/2013,"5,564.68",46,55.5
10/21/2013,"5,868.08",48.75,60.25
10/22/2013,"5,872.20",48,63.75
10/23/2013,"5,728.38",48.25,61.5
10/24/2013,"5,818.81",48.75,58.75
10/25/2013,"5,703.39",50.75,54.5
10/26/2013,"5,497.06",50.5,55.75
10/27/2013,"5,573.83",48.75,54.25
10/28/2013,"6,097.09",43.75,54.75
10/29/2013,"6,325.68",38.5,52.75
10/30/2013,"6,323.43",41,51
10/31/2013,"5,895.99",50.333,54
11/1/2013,"5,683.90",49.5,55
11/2/2013,"5,644.26",50.25,54
11/3/2013,"5,807.13",44.25,48.75
11/4/2013,"6,358.06",45.75,48
11/5/2013,"6,302.59",47.75,51.75
11/6/2013,"6,140.40",49.5,51.75
11/7/2013,"6,181.25",49.75,53.75
11/8/2013,"6,005.13",47.5,51.25
11/9/2013,"5,883.11",44.5,47
11/10/2013,"5,661.49",46.25,52.75
11/11/2013,"6,017.37",47.5,54.5
11/12/2013,"5,936.12",49.75,53.5
11/13/2013,"5,864.28",47,53.5
11/14/2013,"6,085.00",45.25,49.25
11/15/2013,"6,495.72",43.5,47.25
11/16/2013,"6,149.84",46,49
11/17/2013,"5,934.43",48.75,52
11/18/2013,"6,160.88",51.25,53.75
11/19/2013,"6,209.56",47,51.5
11/20/2013,"7,041.29",32.5,43
11/21/2013,"7,575.90",30.5,42.25
11/22/2013,"7,534.10",31,41.5
11/23/2013,"7,052.74",37.5,46.25
11/24/2013,"6,953.46",35,44.5
11/25/2013,"7,166.11",34.75,44.5
11/26/2013,"7,192.55",35.75,44.75
11/27/2013,"6,800.25",37.25,46.5
11/28/2013,"6,636.38",33.25,46
11/29/2013,"6,740.76",34.5,40.75
11/30/2013,"6,325.19",43.333,46
12/1/2013,"6,061.44",51.25,55
12/2/2013,"6,806.21",40.75,47.75
12/3/2013,"7,582.37",36,40
12/4/2013,"8,033.07",25.5,34.25
12/5/2013,"8,677.68",23.25,30.25
12/6/2013,"8,893.75",26.25,28.75
12/7/2013,"8,949.79",21.75,27.5
12/8/2013,"9,194.15",15.5,24
12/9/2013,"9,217.24",19.75,25
12/10/2013,"8,521.89",28.5,32
12/11/2013,"8,270.45",28,34.75
12/12/2013,"8,232.66",30,36
12/13/2013,"7,271.01",38.75,42
12/14/2013,"6,881.55",39,41.75
12/15/2013,"6,657.59",40.5,43.5
12/16/2013,"6,939.39",41,42.5
12/17/2013,"7,364.80",37.5,39.5
12/18/2013,"7,369.23",36.5,40.75
12/19/2013,"7,838.57",29.75,35
12/20/2013,"8,035.23",34.75,38.75
12/21/2013,"6,862.59",43,48.5
12/22/2013,"6,596.56",46.75,50.25
12/23/2013,"6,633.07",45,49.75
12/24/2013,"6,842.77",33.25,37.75
12/25/2013,"6,942.96",34.75,39
12/26/2013,"7,278.13",34,38.5
12/27/2013,"7,464.20",34,37
12/28/2013,"6,979.96",38.5,42.25
12/29/2013,"7,099.73",35.75,39.5
12/30/2013,"7,189.15",37.25,40.5
12/31/2013,"6,730.35",39.333,42.667
1/1/2014,"6,703.87",38.25,43
1/2/2014,"6,898.96",37.25,41.5
1/3/2014,"6,918.68",36.5,44.5
1/4/2014,"7,274.27",31,38
1/5/2014,"7,414.79",30.5,39.75
1/6/2014,"7,709.07",34.5,43
1/7/2014,"7,249.69",38,41.25
1/8/2014,"6,873.22",41.25,46.25
1/9/2014,"7,054.62",42.75,47
1/10/2014,"6,657.15",49.5,51.5
1/11/2014,"6,429.40",47.75,52.5
1/12/2014,"6,500.86",45.5,49.75
1/13/2014,"6,461.70",48.75,53
1/14/2014,"6,502.14",40.75,46.75
1/15/2014,"6,753.24",39,41.75
1/16/2014,"7,069.04",35.75,38.75
1/17/2014,"7,218.74",34.75,39
1/18/2014,"7,004.53",32.5,42
1/19/2014,"6,893.35",32.25,42
1/20/2014,"7,231.07",34.25,41
1/21/2014,"7,408.05",34,41.5
1/22/2014,"7,090.68",36.75,41
1/23/2014,"7,039.46",38,44.75
1/24/2014,"7,109.60",38.75,44.25
1/25/2014,"6,933.44",33.75,41.75
1/26/2014,"7,010.48",31.25,39.5
1/27/2014,"7,513.29",34.75,38
1/28/2014,"7,193.55",38.5,41
1/29/2014,"6,967.93",43.75,49.75
1/30/2014,"6,979.94",43,47.75
1/31/2014,"6,960.19",41.667,44.333
2/1/2014,"6,700.04",39,46.75
2/2/2014,"6,822.60",32.75,40.5
2/3/2014,"7,450.59",34.25,39.75
2/4/2014,"8,068.30",27.75,34.25
2/5/2014,"8,684.60",23.5,27.5
2/6/2014,"9,367.75",20,22.25
2/7/2014,"8,766.11",21.75,24.75
2/8/2014,"8,179.68",26.75,29.5
2/9/2014,"7,424.17",29.25,31.25
2/10/2014,"7,526.23",31.75,35.75
2/11/2014,"7,056.54",42.25,47.25
2/12/2014,"6,557.02",48.25,53.5
2/13/2014,"6,315.97",47,54
2/14/2014,"6,410.05",45,52
2/15/2014,"6,538.48",43.25,48
2/16/2014,"6,512.43",43,47.25
2/17/2014,"6,853.10",45.25,51.25
2/18/2014,"7,084.04",45,50.25
2/19/2014,"7,179.60",40.25,44.25
2/20/2014,"6,970.08",43.75,46.5
2/21/2014,"6,765.28",40.25,46.75
2/22/2014,"6,780.23",35.25,43
2/23/2014,"6,762.43",39.75,46
2/24/2014,"6,986.05",42.5,45.5
2/25/2014,"6,732.33",41.5,46.5
2/26/2014,"6,692.34",43.25,46.5
2/27/2014,"6,603.40",38.75,43
2/28/2014,"6,331.23",42.25,49.75
3/1/2014,"6,674.16",37,42.25
3/2/2014,"6,880.29",34.5,39.75
3/3/2014,"6,642.86",46.25,57
3/4/2014,"6,408.45",49.25,56.5
3/5/2014,"6,125.51",49.25,55.75
3/6/2014,"6,309.89",49.5,54.25
3/7/2014,"6,164.87",47.5,56.25
3/8/2014,"6,284.85",46.25,51.5
3/9/2014,"5,597.55",52,56.5
3/10/2014,"6,143.04",45.5,52.5
3/11/2014,"6,284.65",39.25,50.75
3/12/2014,"6,232.42",41.25,56
3/13/2014,"6,185.66",42,54.25
3/14/2014,"5,963.40",50.5,58.5
3/15/2014,"5,773.76",47,57.5
3/16/2014,"5,928.55",50.75,57.25
3/17/2014,"6,498.06",42.5,48
3/18/2014,"6,446.17",43.5,50.5
3/19/2014,"6,491.18",41.75,51
3/20/2014,"6,594.20",37.5,46.25
3/21/2014,"6,587.83",38.75,48.75
3/22/2014,"6,484.49",39.5,54
3/23/2014,"5,955.61",42,55
3/24/2014,"6,042.25",45.75,59.5
3/25/2014,"6,046.28",49,55.75
3/26/2014,"6,355.04",46,49.75
3/27/2014,"6,359.41",47.25,53.25
3/28/2014,"6,491.50",47.75,51
3/29/2014,"5,934.53",47.25,53.75
3/30/2014,"6,111.19",44.25,51.75
3/31/2014,"6,508.99",41.5,52.5
4/1/2014,"6,398.01",46,49
4/2/2014,"6,242.60",46.5,54.25
4/3/2014,"6,265.68",47,53
4/4/2014,"6,208.33",48.25,54
4/5/2014,"6,138.99",49.75,52.75
4/6/2014,"5,805.07",50.5,59
4/7/2014,"5,766.82",50.25,63.75
4/8/2014,"5,850.75",51.25,63
4/9/2014,"6,000.11",48,57.75
4/10/2014,"6,095.18",47.25,58
4/11/2014,"5,951.24",48,60
4/12/2014,"5,726.08",49.75,57.75
4/13/2014,"5,700.80",49.75,63.75
4/14/2014,"5,985.85",49,64.5
4/15/2014,"6,068.91",50.5,56
4/16/2014,"6,214.41",50,55.5
4/17/2014,"6,215.75",50,53.75
4/18/2014,"6,140.49",44.5,55.25
4/19/2014,"6,111.26",46,55
4/20/2014,"5,733.78",49.25,58
4/21/2014,"6,064.49",50.25,59
4/22/2014,"6,314.60",46.25,52
4/23/2014,"6,488.97",49,52
4/24/2014,"6,222.74",50,56.5
4/25/2014,"6,128.28",46.75,53.25
4/26/2014,"6,006.81",45.75,53.25
4/27/2014,"6,027.97",45,53.75
4/28/2014,"6,215.06",46.5,57.25
4/29/2014,"6,048.34",55.75,68.25
4/30/2014,"5,939.78",60.5,75.5
5/1/2014,"6,023.83",62,79.5
5/2/2014,"5,846.02",58.25,71.75
5/3/2014,"5,711.49",52.75,59.5
5/4/2014,"5,819.55",52.75,57.5
5/5/2014,"6,079.22",52.5,59
5/6/2014,"6,045.01",52.75,60.75
5/7/2014,"6,130.23",48.5,59.75
5/8/2014,"6,234.69",51.75,56.5
5/9/2014,"6,155.47",49,55.5
5/10/2014,"5,834.40",50.25,56.75
5/11/2014,"5,650.88",50.5,61.25
5/12/2014,"5,947.14",55.25,69.5
5/13/2014,"5,968.43",60,75.25
5/14/2014,"6,121.18",63.25,80.25
5/15/2014,"6,185.01",63.5,77.25
5/16/2014,"5,982.91",55.5,67
5/17/2014,"5,638.62",56.75,63.5
5/18/2014,"5,607.35",54.25,58.75
5/19/2014,"5,961.18",56.25,63.5
5/20/2014,"5,866.81",56.25,67.75
5/21/2014,"6,012.51",55.5,65
5/22/2014,"6,154.09",60,72.75
5/23/2014,"6,042.97",60.75,68.5
5/24/2014,"5,627.46",57.75,64.5
5/25/2014,"5,634.72",55.75,64.5
5/26/2014,"5,750.17",57.75,65.75
5/27/2014,"6,032.44",55.5,62.5
5/28/2014,"6,109.81",52.75,59.5
5/29/2014,"6,140.04",54.5,61.5
5/30/2014,"6,185.58",55.5,67.25
5/31/2014,"5,943.12",53.333,67
6/1/2014,"5,871.33",56,66
6/2/2014,"6,317.31",56,69.25
6/3/2014,"6,431.58",53.5,62
6/4/2014,"6,453.47",54,65
6/5/2014,"6,451.60",54,67.5
6/6/2014,"6,332.37",56.5,69.75
6/7/2014,"6,106.33",57.75,69.5
6/8/2014,"6,139.49",59.5,71
6/9/2014,"6,456.01",58.75,68.25
6/10/2014,"6,337.59",55.5,67
6/11/2014,"5,342.07",58.25,70.25
6/12/2014,"6,188.38",58.5,64.25
6/13/2014,"6,215.84",56.75,61.75
6/14/2014,"5,910.57",56.5,63.5
6/15/2014,"5,795.82",55.25,61
6/16/2014,"6,111.24",51.5,57.75
6/17/2014,"6,114.36",53,57
6/18/2014,"6,127.55",57.667,67.667
6/19/2014,"6,170.56",59,72.75
6/20/2014,"6,090.52",56.75,67.75
6/21/2014,"5,809.07",56.75,67.25
6/22/2014,"5,778.43",60.75,72.75
6/23/2014,"6,215.95",62.25,73.5
6/24/2014,"6,239.53",61.75,70.5
6/25/2014,"6,160.36",62.5,71.75
6/26/2014,"6,045.68",61.75,65.5
6/27/2014,"6,009.52",60.75,67.75
6/28/2014,"5,725.98",61.25,67.25
6/29/2014,"5,669.80",60.75,67.75
6/30/2014,"6,190.35",60,71.333
7/1/2014,"6,553.81",69.25,87
7/2/2014,"6,413.29",64.75,77.5
7/3/2014,"6,233.72",62.5,69.5
7/4/2014,"5,899.40",62,72.25
7/5/2014,"6,126.05",66.25,76.5
7/6/2014,"6,286.98",68.75,80.5
7/7/2014,"6,682.30",69,79.5
7/8/2014,"6,813.90",67.5,80.5
7/9/2014,"6,762.72",64,77.25
7/10/2014,"6,696.78",62.75,75.5
7/11/2014,"6,688.96",66.75,79.75
7/12/2014,"6,525.90",69.25,84
7/13/2014,"6,177.35",65.5,72.25
7/14/2014,"6,727.14",65.5,77
7/15/2014,"6,877.08",66.75,80.75
7/16/2014,"6,881.13",67,83
7/17/2014,"6,640.12",61.75,75.5
7/18/2014,"6,406.85",61,72
7/19/2014,"6,361.18",65.75,77
7/20/2014,"6,030.86",63.75,69.5
7/21/2014,"6,221.23",62,71.5
7/22/2014,"6,343.89",63,71
7/23/2014,"6,224.62",60.25,67
7/24/2014,"6,051.50",60.5,66.25
7/25/2014,"6,122.08",59.25,70.25
7/26/2014,"5,957.83",63.25,76.25
7/27/2014,"5,981.86",66.25,78.75
7/28/2014,"6,573.06",69.25,83.25
7/29/2014,"6,626.06",67.75,82.25
7/30/2014,"6,583.42",66.25,79.75
7/31/2014,"6,584.68",67.667,79.667
8/1/2014,"6,514.31",71,82.25
8/2/2014,"6,129.92",68.25,80.75
8/3/2014,"6,023.86",68,81
8/4/2014,"6,571.32",69.5,85.25
8/5/2014,"6,398.02",62.25,75.25
8/6/2014,"6,388.13",65.5,75.25
8/7/2014,"6,318.39",61.25,75
8/8/2014,"6,056.66",61.5,72.25
8/9/2014,"5,955.71",63.75,76.5
8/10/2014,"6,062.31",69.75,83.5
8/11/2014,"6,624.10",74.5,89.5
8/12/2014,"6,366.58",70.25,77
8/13/2014,"6,137.78",65.5,73
8/14/2014,"6,058.41",66,74
8/15/2014,"5,955.35",66.25,75
8/16/2014,"5,651.61",67.25,77.25
8/17/2014,"5,653.65",68.5,80.5
8/18/2014,"6,179.47",67.75,81.25
8/19/2014,"6,207.76",68.25,79.5
8/20/2014,"5,929.34",63,72
8/21/2014,"5,782.62",61,72
8/22/2014,"5,869.73",64,74.5
8/23/2014,"5,592.95",65.5,78.25
8/24/2014,"5,542.26",63.25,75.75
8/25/2014,"6,069.60",67.75,80
8/26/2014,"6,239.81",70,84.25
8/27/2014,"6,331.77",69.25,83
8/28/2014,"6,255.51",64.25,76.25
8/29/2014,"5,999.39",65.5,73
8/30/2014,"5,564.90",63,69.5
8/31/2014,"5,426.68",60.667,69
9/1/2014,"5,567.37",61,73.25
9/2/2014,"5,907.16",62,70.5
9/3/2014,"5,868.75",58.75,68
9/4/2014,"5,784.29",59.5,74.5
9/5/2014,"5,880.35",65.5,81
9/6/2014,"5,646.39",66,84.5
9/7/2014,"5,470.28",62,77.75
9/8/2014,"5,770.55",59,70.75
9/9/2014,"5,799.06",60.75,70.25
9/10/2014,"5,744.34",60,70.5
9/11/2014,"5,771.93",64.5,71.75
9/12/2014,"5,662.66",59.75,76.75
9/13/2014,"5,399.91",59.75,78.5
9/14/2014,"5,359.94",60.5,78.25
9/15/2014,"5,636.79",61.75,79.75
9/16/2014,"5,607.69",60.75,70.5
9/17/2014,"5,655.84",64.25,72
9/18/2014,"5,661.21",62.75,69.75
9/19/2014,"5,640.36",65.5,75
9/20/2014,"5,475.26",66.5,81
9/21/2014,"5,405.64",65.5,81.25
9/22/2014,"5,568.80",62.75,68.25
9/23/2014,"5,610.86",62.5,66
9/24/2014,"5,649.67",62.25,64.75
9/25/2014,"5,447.57",60.25,66.25
9/26/2014,"5,435.11",61.25,69
9/27/2014,"5,187.58",59.25,65.5
9/28/2014,"5,175.34",57.75,69.25
9/29/2014,"5,662.88",56.25,61.5
9/30/2014,"5,638.90",54,61.667
10/1/2014,"5,578.85",53.5,62.75
10/2/2014,"5,640.41",53,64.25
10/3/2014,"5,624.48",55.25,71
10/4/2014,"5,274.53",55.75,72
10/5/2014,"5,255.92",60.75,74.5
10/6/2014,"5,697.18",62,76
10/7/2014,"5,652.54",61.25,74.5
10/8/2014,"5,500.16",57,69.75
10/9/2014,"5,486.72",55.5,66.5
10/10/2014,"5,447.13",56.5,65
10/11/2014,"5,378.85",59.75,67
10/12/2014,"5,226.04",54.75,61.75
10/13/2014,"5,526.87",55,66.25
10/14/2014,"5,550.40",56.25,61
10/15/2014,"5,701.13",55,57.25
10/16/2014,"5,481.66",56.5,64.25
10/17/2014,"5,574.02",56,60
10/18/2014,"5,234.81",57.75,64.75
10/19/2014,"5,136.06",59.25,68.5
10/20/2014,"5,511.98",58.25,62
10/21/2014,"5,604.64",55.5,59
10/22/2014,"5,287.96",56,59
10/23/2014,"5,488.66",53.5,56.75
10/24/2014,"5,576.52",51.5,54.5
10/25/2014,"5,249.45",52.75,60.5
10/26/2014,"5,373.58",50.25,56
10/27/2014,"5,689.62",51.5,56.5
10/28/2014,"5,682.13",52.5,55.25
10/29/2014,"5,425.14",56.333,59.333
10/30/2014,"5,538.78",56.5,59.25
10/31/2014,"5,511.47",50.667,55
11/1/2014,"5,529.02",45.75,51
11/2/2014,"5,583.49",49,51.5
11/3/2014,"5,694.91",53.5,55.5
11/4/2014,"5,590.14",55,58.5
11/5/2014,"5,465.97",56,59.25
11/6/2014,"5,484.54",55,59.75
11/7/2014,"5,626.20",45.25,54
11/8/2014,"5,642.42",43,51.75
11/9/2014,"5,622.23",47,52.5
11/10/2014,"6,013.92",46,54
11/11/2014,"6,745.46",40,46.5
11/12/2014,"7,354.48",34.25,37.75
11/13/2014,"7,680.04",33.75,36
11/14/2014,"7,427.55",33,39.75
11/15/2014,"7,401.93",31,39
11/16/2014,"7,452.35",31.75,38.75
11/17/2014,"7,741.02",33,39.75
11/18/2014,"7,795.65",33.75,39
11/19/2014,"7,234.60",38.75,42.75
11/20/2014,"6,687.99",38.75,42
11/21/2014,"6,683.90",42,46.5
11/22/2014,"6,212.34",43.75,51.25
11/23/2014,"6,195.67",47.75,51
11/24/2014,"6,605.12",48.25,51.5
11/25/2014,"6,296.87",56.75,60
11/26/2014,"6,006.15",55.75,59.75
11/27/2014,"5,661.63",54.75,57.75
11/28/2014,"5,924.01",51.25,55.75
11/29/2014,"6,993.71",36.5,42.5
11/30/2014,"7,654.47",30,35.5
12/1/2014,"8,040.97",30.75,34.25
12/2/2014,"8,005.06",28.5,36.25
12/3/2014,"7,588.41",39.75,43.75
12/4/2014,"7,289.08",37.5,40.25
12/5/2014,"6,784.85",41,43.5
12/6/2014,"6,291.70",44.25,52
12/7/2014,"6,289.01",41,46.5
12/8/2014,"6,539.40",45.75,48.5
12/9/2014,"6,351.91",46.25,49.5
12/10/2014,"6,174.40",49.5,54.25
12/11/2014,"6,232.13",48,57.25
12/12/2014,"6,213.96",47,51.25
12/13/2014,"6,313.76",43,46.5
12/14/2014,"6,655.19",40.75,46.75
12/15/2014,"7,022.98",44.75,47.25
12/16/2014,"6,849.23",41.75,45.25
12/17/2014,"6,810.37",40.5,45
12/18/2014,"6,724.99",43,45.75
12/19/2014,"6,583.16",45,50.5
12/20/2014,"6,614.45",47.25,51.5
12/21/2014,"6,233.80",53.5,56.25
12/22/2014,"6,293.01",46.75,52.5
12/23/2014,"6,424.38",45.5,49.25
12/24/2014,"6,530.17",42.5,47.75
12/25/2014,"6,286.75",42.75,46.25
12/26/2014,"6,541.26",42.5,46.25
12/27/2014,"6,709.47",43,45.5
12/28/2014,"6,707.99",41.75,45.5
12/29/2014,"7,463.10",37,41.5
12/30/2014,"8,188.40",29.25,33.5
12/31/2014,"8,250.04",24,31.333
1/1/2015,"7,904.67",28.25,34.25
1/2/2015,"7,822.02",31.25,36.75
1/3/2015,"7,254.89",36.75,40
1/4/2015,"7,203.54",39,43.25
1/5/2015,"6,642.10",50.5,54.5
1/6/2015,"6,527.76",39.25,45.5
1/7/2015,"6,871.99",35.25,44
1/8/2015,"7,018.72",36.75,41
1/9/2015,"7,020.79",39.5,46.25
1/10/2015,"6,748.38",39,42
1/11/2015,"6,513.26",41.75,43.5
1/12/2015,"6,602.09",42.75,46.25
1/13/2015,"6,788.09",36.25,46
1/14/2015,"7,080.17",40.5,45.5
1/15/2015,"7,265.10",36,42.25
1/16/2015,"6,571.27",41.25,49.25
1/17/2015,"6,698.42",42.25,47.75
1/18/2015,"6,017.62",50,55
1/19/2015,"6,428.65",42.75,49.75
1/20/2015,"6,910.13",37.5,45.25
1/21/2015,"7,213.45",35.25,42
1/22/2015,"6,936.25",40.75,44
1/23/2015,"6,565.43",42.5,45.25
1/24/2015,"6,068.22",45,53.5
1/25/2015,"5,947.66",44.5,49.25
1/26/2015,"6,280.95",40,48.5
1/27/2015,"6,403.99",43.75,46.75
1/28/2015,"6,388.28",47.25,52
1/29/2015,"6,552.70",42.5,48.75
1/30/2015,"6,836.85",35,44.5
1/31/2015,"6,639.66",34.667,40.667
2/1/2015,"6,399.03",40.5,43.25
2/2/2015,"6,437.01",43.5,52.25
2/3/2015,"6,341.37",43,47.5
2/4/2015,"6,428.40",44.75,49.5
2/5/2015,"6,268.49",46,48.5
2/6/2015,"6,009.44",49,53.5
2/7/2015,"5,835.09",51.25,56.25
2/8/2015,"5,744.43",48.25,54.25
2/9/2015,"6,207.50",48.75,52.75
2/10/2015,"6,118.26",49.5,52.75
2/11/2015,"6,275.41",44.5,51.5
2/12/2015,"6,020.00",41.5,55.5
2/13/2015,"6,130.47",41,50.75
2/14/2015,"5,874.30",46.5,54
2/15/2015,"6,078.41",41.75,55.75
2/16/2015,"6,317.81",46,56.25
2/17/2015,"6,366.55",48.25,57.25
2/18/2015,"6,409.96",44.5,52
2/19/2015,"6,300.48",47.25,54
2/20/2015,"6,160.70",46.5,54
2/21/2015,"5,938.80",42.75,53
2/22/2015,"6,364.12",45.5,53.25
2/23/2015,"6,777.54",40.25,53
2/24/2015,"6,664.23",38.5,51.5
2/25/2015,"6,424.59",45.5,50
2/26/2015,"6,173.32",48.5,51.5
2/27/2015,"6,246.20",47,52
2/28/2015,"6,063.92",42,52
3/1/2015,"6,334.98",38.25,49.75
3/2/2015,"6,398.06",43.75,51.75
3/3/2015,"6,661.41",37.75,50
3/4/2015,"6,749.96",36.25,50.75
3/5/2015,"6,534.96",38,52.25
3/6/2015,"6,247.56",42,56.25
3/7/2015,"5,789.46",42.25,58
3/8/2015,"5,728.87",43.5,59.5
3/9/2015,"5,957.85",44.75,59.75
3/10/2015,"5,975.80",45.5,57
3/11/2015,"5,878.39",51.75,57.5
3/12/2015,"5,609.06",53.75,63
3/13/2015,"5,718.40",52,62
3/14/2015,"5,723.67",52.75,57.75
3/15/2015,"5,934.37",51.5,58
3/16/2015,"6,022.71",43.25,56.25
3/17/2015,"6,015.13",48.25,54.75
3/18/2015,"5,834.39",49.75,57.75
3/19/2015,"5,937.68",46.5,57.25
3/20/2015,"5,894.22",49.25,58.75
3/21/2015,"5,881.78",49.5,57.75
3/22/2015,"5,843.66",46.75,52.25
3/23/2015,"6,282.21",45.5,50.75
3/24/2015,"6,173.42",47.25,52.5
3/25/2015,"6,074.79",49,55
3/26/2015,"5,689.54",48.75,62.25
3/27/2015,"5,623.00",50.75,63.75
3/28/2015,"5,812.79",50.75,58.25
3/29/2015,"5,818.20",50.5,60.75
3/30/2015,"5,732.28",50.5,61.5
3/31/2015,"6,059.10",47,54
4/1/2015,"6,467.70",43.25,49.75
4/2/2015,"6,271.69",45,52
4/3/2015,"6,378.42",42,50.5
4/4/2015,"6,337.93",42.75,50.75
4/5/2015,"6,360.00",41.5,50.5
4/6/2015,"6,285.99",44.25,52
4/7/2015,"6,128.37",47.5,54
4/8/2015,"5,942.30",50.25,56
4/9/2015,"5,938.47",46,57
4/10/2015,"6,035.85",48,57.75
4/11/2015,"6,142.23",45.5,53.25
4/12/2015,"6,138.75",45.75,54
4/13/2015,"6,305.14",43.5,50.5
4/14/2015,"6,322.95",42,47.75
4/15/2015,"6,137.54",41,51.5
4/16/2015,"5,984.48",46.75,61.75
4/17/2015,"5,695.47",50.5,65.5
4/18/2015,"5,564.26",52.25,66.25
4/19/2015,"5,530.99",53,68.5
4/20/2015,"5,799.50",54.75,71
4/21/2015,"5,857.24",51,59.5
4/22/2015,"6,161.91",46.5,55.5
4/23/2015,"6,393.42",45.5,50.5
4/24/2015,"6,355.31",47.25,52.75
4/25/2015,"5,938.58",48,57
4/26/2015,"5,936.91",47.25,55.75
4/27/2015,"5,948.82",58.25,69.5
4/28/2015,"5,964.49",55,62.75
4/29/2015,"6,036.61",48.75,58.25
4/30/2015,"6,110.28",50.333,60
5/1/2015,"6,059.62",54,65.5
5/2/2015,"5,766.39",51.75,62.5
5/3/2015,"5,726.26",52.5,66.5
5/4/2015,"6,025.56",51.75,61.25
5/5/2015,"6,136.78",50.75,59.25
5/6/2015,"6,250.44",50,58
5/7/2015,"6,044.27",51.25,63
5/8/2015,"6,031.52",56.25,70.5
5/9/2015,"5,714.69",57.5,74.5
5/10/2015,"5,552.42",55.75,67.25
5/11/2015,"6,051.38",52.75,57.75
5/12/2015,"6,138.57",50.75,54.5
5/13/2015,"6,035.60",52,58.75
5/14/2015,"5,792.84",52.25,63
5/15/2015,"5,643.35",54,59.5
5/16/2015,"5,438.11",54.75,57
5/17/2015,"5,494.72",55.75,63.75
5/18/2015,"5,762.18",56.5,69.5
5/19/2015,"5,795.37",56,61
5/20/2015,"5,877.15",58.75,67.25
5/21/2015,"5,927.32",61.25,68.75
5/22/2015,"5,893.19",56.5,60.5
5/23/2015,"5,576.99",55.75,59.75
5/24/2015,"5,466.36",55.5,61.75
5/25/2015,"5,576.46",54.75,62.25
5/26/2015,"5,837.06",57.25,65
5/27/2015,"6,026.02",59,70.25
5/28/2015,"6,240.36",61.25,75.5
5/29/2015,"5,994.04",61.25,75.75
5/30/2015,"5,818.67",58,69.5
5/31/2015,"5,820.69",60.667,71.667
6/1/2015,"6,036.62",56.25,63.25
6/2/2015,"5,965.84",56,59.75
6/3/2015,"6,047.94",57,62
6/4/2015,"6,166.48",58,67.5
6/5/2015,"6,164.53",63.25,75.5
6/6/2015,"6,071.34",67.25,80
6/7/2015,"6,143.99",68.25,82.5
6/8/2015,"6,654.17",69,83
6/9/2015,"6,632.59",66.25,82
6/10/2015,"6,321.76",57.5,72.5
6/11/2015,"6,297.56",56.75,70
6/12/2015,"6,167.59",56.5,67.75
6/13/2015,"5,773.10",55.75,68.25
6/14/2015,"5,763.25",59.5,74.75
6/15/2015,"6,245.46",64,80.75
6/16/2015,"6,106.07",57,68.333
6/17/2015,"6,180.68",59.25,71.5
6/18/2015,"6,229.12",63.5,75.75
6/19/2015,"6,133.93",62.5,71
6/20/2015,"5,834.84",60,72.5
6/21/2015,"5,767.73",64,75.25
6/22/2015,"6,173.02",59.75,72.5
6/23/2015,"6,213.67",62.75,75.25
6/24/2015,"6,255.97",67.25,78
6/25/2015,"6,493.48",69.25,83.25
6/26/2015,"6,635.27",73.25,86
6/27/2015,"6,636.44",74.25,85.25
6/28/2015,"6,347.31",71.75,81.25
6/29/2015,"6,559.03",68,81.5
6/30/2015,"6,668.12",67.25,81.5
7/1/2015,"6,679.43",70.5,85.25
7/2/2015,"6,674.62",73.25,88.75
7/3/2015,"6,576.46",71.5,87
7/4/2015,"6,382.67",69,84.75
7/5/2015,"6,396.14",72.75,88.25
7/6/2015,"6,429.94",67,83.5
7/7/2015,"6,478.88",64.5,78
7/8/2015,"6,730.85",67,81.25
7/9/2015,"6,585.48",65.5,79.5
7/10/2015,"6,441.96",64.5,74
7/11/2015,"5,322.74",66,70
7/12/2015,"6,243.21",67,76.25
7/13/2015,"6,296.46",66.25,76
7/14/2015,"6,322.66",64.25,76.75
7/15/2015,"6,386.96",63.75,75.75
7/16/2015,"6,321.20",63.75,73
7/17/2015,"6,301.75",64.5,77.25
7/18/2015,"6,362.83",71,87.5
7/19/2015,"6,481.85",70.75,89
7/20/2015,"6,647.26",65.75,78.5
7/21/2015,"6,358.54",63.25,72.25
7/22/2015,"6,166.94",61.5,68
7/23/2015,"6,255.95",63.75,73.25
7/24/2015,"6,240.58",63.75,74.5
7/25/2015,"5,793.91",62.5,67.75
7/26/2015,"5,639.96",60.25,67.75
7/27/2015,"6,019.50",60.25,70.5
7/28/2015,"6,285.73",65,77
7/29/2015,"6,504.90",70.5,86.5
7/30/2015,"6,663.64",73.5,92.5
7/31/2015,"6,673.47",73.5,92
8/1/2015,"6,306.68",70.5,88.25
8/2/2015,"5,990.89",70.75,79.5
8/3/2015,"6,266.88",67.5,77.5
8/4/2015,"6,374.37",62.5,75.25
8/5/2015,"6,198.56",60.75,71.25
8/6/2015,"6,060.18",62.5,72.5
8/7/2015,"6,034.43",64.5,78.75
8/8/2015,"5,990.23",66,75.5
8/9/2015,"5,958.98",67,78
8/10/2015,"6,208.19",69.75,80.75
8/11/2015,"6,336.27",69.25,81.25
8/12/2015,"6,428.85",70.75,84.25
8/13/2015,"6,421.52",66.75,79.25
8/14/2015,"6,158.95",65.25,70.5
8/15/2015,"5,712.55",65.5,72.25
8/16/2015,"5,676.03",63,75
8/17/2015,"6,042.89",66.5,79.25
8/18/2015,"6,271.17",68.75,85
8/19/2015,"6,390.91",69.5,88.25
8/20/2015,"6,231.55",64.5,75
8/21/2015,"5,952.15",62.25,71.75
8/22/2015,"5,566.05",61.5,75.25
8/23/2015,"5,541.51",64.5,79.25
8/24/2015,"5,897.76",61.5,75.25
8/25/2015,"5,862.60",62,75.25
8/26/2015,"5,882.69",63.5,80.25
8/27/2015,"5,953.61",66.75,80
8/28/2015,"5,751.14",67.75,77.75
8/29/2015,"5,049.16",66.75,73
8/30/2015,"4,884.14",60.5,68.75
8/31/2015,"5,436.64",64,69.5
9/1/2015,"5,883.61",63.5,71.75
9/2/2015,"5,727.72",59.5,66.75
9/3/2015,"5,582.49",54.5,64
9/4/2015,"5,601.17",52.75,62.25
9/5/2015,"5,201.40",55.75,62.25
9/6/2015,"5,074.65",52.5,58.25
9/7/2015,"5,208.14",58,67.25
9/8/2015,"5,575.48",60.5,73
9/9/2015,"5,725.39",63.5,74
9/10/2015,"5,813.14",64.75,78.5
9/11/2015,"5,884.52",66.5,83.5
9/12/2015,"5,630.88",67.25,82
9/13/2015,"5,650.93",61.75,71.25
9/14/2015,"5,556.88",54.5,59.5
9/15/2015,"5,690.41",53.5,61.25
9/16/2015,"5,589.12",58.5,65.25
9/17/2015,"5,603.83",58,64.5
9/18/2015,"5,553.52",59,68.5
9/19/2015,"5,319.60",58.75,71.5
9/20/2015,"5,597.96",62,72.75
9/21/2015,"5,684.33",58,66.5
9/22/2015,"5,619.84",53.5,64.5
9/23/2015,"5,726.97",53.5,67
9/24/2015,"5,576.22",58,70.25
9/25/2015,"5,565.56",58.5,63.75
9/26/2015,"5,299.29",57.25,64.75
9/27/2015,"5,604.38",51.5,63.75
9/28/2015,"5,781.43",54.75,70.25
9/29/2015,"5,712.42",56.25,72
9/30/2015,"5,680.12",54.667,66
10/1/2015,"5,579.63",54.75,66.5
10/2/2015,"5,618.46",54,62
10/3/2015,"5,507.32",53.5,64.5
10/4/2015,"5,383.97",56,72
10/5/2015,"5,547.40",57.75,73
10/6/2015,"5,539.91",59.5,70.75
10/7/2015,"5,640.12",60.5,64.75
10/8/2015,"5,440.23",59.5,68
10/9/2015,"5,363.59",59.5,67
10/10/2015,"5,153.18",59,64
10/11/2015,"5,126.75",54,63.25
10/12/2015,"5,491.84",52.75,63.75
10/13/2015,"5,566.53",55,65.75
10/14/2015,"5,644.01",53.75,64.25
10/15/2015,"5,597.32",55.25,69.25
10/16/2015,"5,478.29",57.75,68.25
10/17/2015,"5,175.80",58.75,64.5
10/18/2015,"5,138.36",59.25,63.25
10/19/2015,"5,420.30",58,62.25
10/20/2015,"5,480.18",56.25,62.75
10/21/2015,"5,635.23",52.5,60
10/22/2015,"5,618.05",,
10/23/2015,"5,745.70",51,63
10/24/2015,"5,395.86",53.25,60.25
10/25/2015,"5,338.08",54.75,61.25
10/26/2015,"5,641.73",53.25,59.75
10/27/2015,"5,690.63",50.5,57.25
10/28/2015,"5,695.99",53.75,58
10/29/2015,"5,550.99",56.75,60.75
10/30/2015,"5,574.96",56.667,59.667
10/31/2015,"5,215.81",58,61.25
11/1/2015,"5,259.79",53.75,58.25
11/2/2015,"5,640.48",51,55.25
11/3/2015,"5,927.22",43.25,53
11/4/2015,"6,199.30",42.25,48.25
11/5/2015,"6,003.28",48.75,51.25
11/6/2015,"5,817.01",51,58.5
11/7/2015,"5,645.98",47.75,52.5
11/8/2015,"5,582.28",48.75,52.5
11/9/2015,"6,149.33",43,51.75
11/10/2015,"6,400.02",43.25,47
11/11/2015,"6,201.58",46.25,51.75
11/12/2015,"6,469.24",42.25,47
11/13/2015,"5,949.79",53.75,56.5
11/14/2015,"5,613.90",56.75,59.25
11/15/2015,"6,075.87",42.5,49.25
11/16/2015,"6,830.20",41.5,46
11/17/2015,"6,149.96",51.25,55.75
11/18/2015,"6,211.18",44.5,50.25
11/19/2015,"6,401.49",42.75,46.5
11/20/2015,"6,850.92",41.25,46.75
11/21/2015,"6,837.04",36.75,47
11/22/2015,"6,976.16",31.5,40.25
11/23/2015,"7,202.50",35.25,41.25
11/24/2015,"7,209.29",38.25,42
11/25/2015,"7,293.13",34,43.75
11/26/2015,"7,165.50",30,43
11/27/2015,"7,394.99",31.5,43
11/28/2015,,34.5,42
11/29/2015,,32,37.25
11/30/2015,"8,460.23",30,35
12/1/2015,"7,563.45",35.25,38.75
12/2/2015,"7,253.92",36.5,39.25
12/3/2015,"6,856.76",40,44.5
12/4/2015,"6,889.73",45.25,48.5
12/5/2015,"6,820.59",43.5,46
12/6/2015,"6,443.66",47.75,53
12/7/2015,"6,532.93",48.75,57.25
12/8/2015,"6,133.66",58.5,61.25
12/9/2015,"6,146.44",50.5,55.75
12/10/2015,"6,632.48",47,50.5
12/11/2015,"6,736.12",43.5,45.5
12/12/2015,"6,708.34",44,47
12/13/2015,"6,695.06",43.25,46
12/14/2015,"7,125.56",38.25,43.25
12/15/2015,"7,417.67",38.5,40.5
12/16/2015,"7,210.54",42.25,43.75
12/17/2015,"7,516.58",38.75,44
12/18/2015,"7,128.06",45.5,51.75
12/19/2015,"6,950.90",41.5,45.75
12/20/2015,"6,960.55",41.75,46.75
12/21/2015,"7,114.80",41.75,47.5
12/22/2015,"7,009.84",39.5,44.25
12/23/2015,"7,422.40",39.25,41.75
12/24/2015,"7,067.57",38.25,40.5
12/25/2015,"6,770.19",37,40.75
12/26/2015,"7,188.09",36.25,39.25
12/27/2015,"7,363.53",35.25,38.75
12/28/2015,"7,414.60",36,38.25
12/29/2015,"7,536.20",36.75,38.5
12/30/2015,"7,690.99",32.25,38.75
12/31/2015,"7,965.18",35,37.25
1/1/2016,"7,918.03",32.25,35
1/2/2016,"8,209.46",29.5,33
1/3/2016,"8,469.41",28.75,30.5
1/4/2016,"8,033.61",31.75,34.25
1/5/2016,"7,648.98",34,37.25
1/6/2016,"7,406.27",35,39.5
1/7/2016,"7,274.75",36.5,43.5
1/8/2016,"7,195.94",34,41.75
1/9/2016,"7,066.87",38.25,43
1/10/2016,"6,924.65",35,44.25
1/11/2016,"7,461.81",38.75,42
1/12/2016,"7,219.28",39.75,41.25
1/13/2016,"6,915.46",41.25,45.5
1/14/2016,"7,165.56",41.5,44.25
1/15/2016,"7,108.00",41.25,43.75
1/16/2016,"6,671.49",44,48.75
1/17/2016,"6,504.33",43,45.25
1/18/2016,"6,630.12",41.75,47
1/19/2016,"6,986.69",42.75,45.25
1/20/2016,"6,783.86",45.25,48.25
1/21/2016,"6,538.03",46.5,49.25
1/22/2016,"6,141.07",47.5,54.25
1/23/2016,"6,299.37",45,49.5
1/24/2016,"6,319.40",42.75,48.25
1/25/2016,"6,609.55",44,50.25
1/26/2016,"6,466.64",45.75,48.5
1/27/2016,"6,277.06",47.5,51.25
1/28/2016,"6,225.50",47.75,55.5
1/29/2016,"6,656.37",45.5,49.75
1/30/2016,"6,592.99",40.5,44.75
1/31/2016,"6,689.88",39.5,42.25
2/1/2016,"7,016.21",40,43.75
2/2/2016,"6,960.68",38,45
2/3/2016,"7,069.10",41.5,45.5
2/4/2016,"6,690.89",47,52
2/5/2016,"6,439.28",44.75,51.5
2/6/2016,"6,206.35",44,49
2/7/2016,"6,134.87",46.25,54.25
2/8/2016,"6,266.90",43.25,55
2/9/2016,"6,238.24",47.5,55.5
2/10/2016,"6,284.04",46.25,55.75
2/11/2016,"6,124.76",48.25,53.5
2/12/2016,"6,010.80",48.75,53.5
2/13/2016,"6,151.29",47,50.75
2/14/2016,"5,849.92",52,55
2/15/2016,"5,853.69",53.75,58.25
2/16/2016,"5,931.76",48.75,53.5
2/17/2016,"6,036.03",48.5,56.75
2/18/2016,"6,318.29",43.5,49.25
2/19/2016,"6,416.91",45,49.25
2/20/2016,"6,165.44",41.75,49
2/21/2016,"6,494.29",38.5,48.25
2/22/2016,"6,475.86",40,48.5
2/23/2016,"6,582.90",41.5,51.5
2/24/2016,"6,185.21",46,56.25
2/25/2016,"6,097.34",44,56
2/26/2016,"6,089.62",48,55.5
2/27/2016,"5,613.87",50.25,56.5
2/28/2016,"5,854.93",48.25,53.25
2/29/2016,"6,257.65",46,50
3/1/2016,"6,403.12",47,53.25
3/2/2016,"6,240.03",47.25,52.5
3/3/2016,"5,693.72",49.5,57.25
3/4/2016,"6,007.46",47.25,54
3/5/2016,"5,483.41",51.75,57.25
3/6/2016,"5,646.20",48,54.5
3/7/2016,"6,279.56",45.75,51.75
3/8/2016,"6,570.15",41.75,45.75
3/9/2016,"6,599.89",45.25,48
3/10/2016,"6,072.82",48,54.75
3/11/2016,"6,331.74",43.75,49.75
3/12/2016,"6,231.91",45.5,49.5
3/13/2016,"6,322.42",43,46
